OBJECTID,Park Name,Drinking Fountain Material,Equipment Description,Life Cycle Code,Drinking Fountain Type,Water Shutoff Location,Accessible Model (AMWO),Dog Bowl (AMWO),Bottle FIller (AMWO),Installation Year (or Date),Current Status (AMWO),Reason Off (AMWO),Reason for Closure (AMWO),Latitude (Point Y) (AMWO),Longitude (Point X) (AMWO),Council District,Park Maintenance District,RSE Index Priority Score,PMA ID,AMWO ID,SE_ANNO_CAD_DATA,Spatial Data Quality Level,GLOBALID,GIS Creator,GIS Create Date,GIS Editor,GIS Editor Date,x,y
14557,Prefontaine Place,STONE,PREFONTAINE PLACE DRINK FOUNT,A,,,,,,,,,,47.60190482,-122.33084332,1,DT PMD7,Highest Equity Priority,326,DRINKF-00105,System.Byte[],QL-D3,16d30ae4-85c9-440e-88d0-10b52a1a8ed8,SeattleParks_SeattleCityGIS,6/16/2026 4:47:16 PM,SeattleParks_SeattleCityGIS,6/16/2026 4:47:16 PM,1270994.27852829,223151.019981042
14558,Green Lake Park,METAL,GREEN LAKE PARK DRINK FOUNT,A,,,,,,,,,,47.68037163,-122.32604899,6,NW PMD6,Lowest,307,DRINKF-00176,System.Byte[],QL-D3,efd567dd-887e-4f11-9d97-a58e180d8e65,SeattleParks_SeattleCityGIS,6/16/2026 4:47:16 PM,SeattleParks_SeattleCityGIS,6/16/2026 4:47:16 PM,1272731.98861007,251744.646570325
14559,Ravenna-Eckstein Park,METAL,RAVENNA-ECKSTEIN PARK DRINK FOUNT,A,,,,,,,,,,47.67688039,-122.30448089,4,NE PMD4-5,Lowest,488,DRINKF-00186,System.Byte[],QL-D3,80652574-7022-4dfc-ab57-1b30869064ef,SeattleParks_SeattleCityGIS,6/16/2026 4:47:16 PM,SeattleParks_SeattleCityGIS,6/16/2026 4:47:16 PM,1278019.63322347,250369.089896917
14560,Counterbalance Park,METAL,COUNTERBALANCE PARK DRINK FOUNT,A,,,,,,,,,,47.62562701,-122.35628358,7,CW PMD7,Middle,4438,DRINKF-00055,System.Byte[],QL-D3,243e5780-8808-4e07-875e-950bdf8b212b,SeattleParks_SeattleCityGIS,6/16/2026 4:47:16 PM,SeattleParks_SeattleCityGIS,6/16/2026 4:47:16 PM,1264890.43506604,231925.518550023
14561,Maple Wood Playfield,METAL,MAPLE WOOD PLYFLD DRINK FOUNT,A,,,,,,,,,,47.55964645,-122.31823906,2,SC PMD2,Second Highest,418,DRINKF-00067,System.Byte[],QL-D3,ed861194-71c8-4453-922b-0a63465ccb62,SeattleParks_SeattleCityGIS,6/16/2026 4:47:16 PM,SeattleParks_SeattleCityGIS,6/16/2026 4:47:16 PM,1273805.84147516,207679.264893204
14562,,METAL,W MAGNOLIA PLYFLD DRINK FOUNT,A,,,,,,,,,,47.64501651,-122.39888604,6,CW PMD7,Second Lowest,,DRINKF-00042,System.Byte[],QL-D3,bb3fed6e-aabc-4af2-9412-d0f3f9ecfe3a,SeattleParks_SeattleCityGIS,6/16/2026 4:47:16 PM,SeattleParks_SeattleCityGIS,6/16/2026 4:47:16 PM,1254530.90097544,239207.468189493
14563,Volunteer Park,METAL,VOLUNTEER PARK DRINK FOUNT,A,,,,,,,,,,47.63030751,-122.31727235,3,CE PMD3,Lowest,399,DRINKF-00111,System.Byte[],QL-D3,a0796751-ba0f-43e4-aedf-e1d230f63402,SeattleParks_SeattleCityGIS,6/16/2026 4:47:16 PM,SeattleParks_SeattleCityGIS,6/16/2026 4:47:16 PM,1274541.46169992,233444.559447587
14564,Plymouth Pillars Park,METAL,PLYMOUTH PILLARS PARK DRINK FOUNT,A,,,,,,,,,,47.61463868,-122.32883641,3,DT PMD7,Second Highest,4000,DRINKF-00102,System.Byte[],QL-D3,0637604c-2c5e-49f8-817f-6511d1e81362,SeattleParks_SeattleCityGIS,6/16/2026 4:47:16 PM,SeattleParks_SeattleCityGIS,6/16/2026 4:47:16 PM,1271579.56115289,227785.384081796
14565,Meadowbrook Playfield,METAL,MEADOWBROOK PLYFLD DRINK FOUNT,A,,,,,,,,,,47.70658026,-122.29275806,5,NE PMD4-5,Second Highest,352,DRINKF-00038,System.Byte[],QL-D3,95d4d107-8017-455a-8100-b762bfefbb15,SeattleParks_SeattleCityGIS,6/16/2026 4:47:16 PM,SeattleParks_SeattleCityGIS,6/16/2026 4:47:16 PM,1281112.48199464,261145.665139958
14566,Green Lake Park,METAL,GREEN LAKE PARK DRINK FOUNT,A,,,,,,,,,,47.6853424,-122.33657792,6,NW PMD6,Lowest,307,DRINKF-00120,System.Byte[],QL-D3,f46b5096-9b26-48a6-bb58-a020474d2d1e,SeattleParks_SeattleCityGIS,6/16/2026 4:47:16 PM,SeattleParks_SeattleCityGIS,6/16/2026 4:47:16 PM,1270174.25420745,253607.95089224
14567,Discovery Park,METAL,DISCOVERY PARK DRINK FOUNT,A,,,,,,,,,,47.66141022,-122.4341228,6,CW PMD7,Second Lowest,2952,DRINKF-00177,System.Byte[],QL-D3,4b79131d-f093-4e7f-a652-e1737840efed,SeattleParks_SeattleCityGIS,6/16/2026 4:47:16 PM,SeattleParks_SeattleCityGIS,6/16/2026 4:47:16 PM,1245971.17335066,245364.712163791
14568,Webster Park,METAL,WEBSTER PARK DRINK FOUNT,A,,,,,,,,,,47.67772125,-122.39759954,6,NW PMD6,Lowest,3894,DRINKF-00010,System.Byte[],QL-D3,d1b8ddca-7daf-4474-8baa-31ed44d69f00,SeattleParks_SeattleCityGIS,6/16/2026 4:47:16 PM,SeattleParks_SeattleCityGIS,6/16/2026 4:47:16 PM,1255090.43006401,251128.125481695
14569,West Magnolia Playfield,METAL,W MAGNOLIA PLYFLD DRINK FOUNT,A,,,,,,,,,,47.64123359,-122.40005661,6,CW PMD7,Second Lowest,319,DRINKF-00178,System.Byte[],QL-D3,cc05294f-4514-4820-a028-5743564c21c9,SeattleParks_SeattleCityGIS,6/16/2026 4:47:16 PM,SeattleParks_SeattleCityGIS,6/16/2026 4:47:16 PM,1254214.31991911,237833.746524081
14570,Seward Park,STONE,SEWARD PARK DRINK FOUNT,A,,,,,,,,,,47.54971521,-122.25025348,2,SE PMD2,Middle,428,DRINKF-00199,System.Byte[],QL-D3,7a9df7d1-d0dc-471a-a621-05886f5ee070,SeattleParks_SeattleCityGIS,6/16/2026 4:47:16 PM,SeattleParks_SeattleCityGIS,6/16/2026 4:47:16 PM,1290522.27618028,203740.850169167
14571,Leschi Park,METAL,LESCHI PARK DRINK FOUNT,A,,,,,,,,,,47.60119347,-122.28780004,3,CE PMD3,Second Highest,367,DRINKF-00082,System.Byte[],QL-D3,6f7921a5-841f-4536-875c-ea4b4661fc35,SeattleParks_SeattleCityGIS,6/16/2026 4:47:16 PM,SeattleParks_SeattleCityGIS,6/16/2026 4:47:16 PM,1281606.48660316,222687.934668571
14572,Amy Yee Tennis Center,STONE,AMY YEE TENNIS CENTER DRINK FOUNT,A,,,No,No,No,,OFF,,no water 7.19.2024 and no drain fittings,47.58547556,-122.29715233,2,SC PMD2,Second Highest,426,DRINKF-00122,System.Byte[],QL-D3,5e2b6528-3196-489e-937c-f6b94aba9902,SeattleParks_SeattleCityGIS,6/16/2026 4:47:16 PM,SeattleParks_SeattleCityGIS,6/16/2026 4:47:16 PM,1279190.54656868,216999.372550741
14573,Commodore Park,METAL,COMMODORE PARK DRINK FOUNT,A,,,,,,,,,,47.66463688,-122.39917328,6,CW PMD7,Second Lowest,308,DRINKF-00197,System.Byte[],QL-D3,db1726df-3b71-4ecc-8ae2-842a0cf42333,SeattleParks_SeattleCityGIS,6/16/2026 4:47:16 PM,SeattleParks_SeattleCityGIS,6/16/2026 4:47:16 PM,1254605.71844751,246364.264612809
14574,Judkins Park and Playfield,STONE,JUDKINS PARK AND PLYFLD DRINK FOUNT,A,,,,,,,,,,47.59503003,-122.30468793,3,SC PMD2,Highest Equity Priority,397,DRINKF-00180,System.Byte[],QL-D3,247a071c-eab4-4902-a531-4453ae932208,SeattleParks_SeattleCityGIS,6/16/2026 4:47:16 PM,SeattleParks_SeattleCityGIS,6/16/2026 4:47:16 PM,1277397.84608684,220519.335626349
14575,Woodland Park,METAL,WOODLAND PARK DRINK FOUNT,A,,,,,,,,,,47.67072338,-122.34646786,6,NW PMD6,Lowest,292,DRINKF-00006,System.Byte[],QL-D3,2e7ed7a9-91a5-4a91-a88e-aebea94e7262,SeattleParks_SeattleCityGIS,6/16/2026 4:47:16 PM,SeattleParks_SeattleCityGIS,6/16/2026 4:47:16 PM,1267633.87839684,248324.199014828
14576,Woodland Park,METAL,WOODLAND PARK DRINK FOUNT,A,,,,,,,,,,47.6685822,-122.34141781,6,NW PMD6,Lowest,292,DRINKF-00051,System.Byte[],QL-D3,4fe70292-2776-4554-a905-bc6442ae0c5e,SeattleParks_SeattleCityGIS,6/16/2026 4:47:16 PM,SeattleParks_SeattleCityGIS,6/16/2026 4:47:16 PM,1268862.56755011,247518.896165997
14577,Genesee Park and Playfield,METAL,GENESEE PARK AND PLYFLD DRINK FOUNT,DE,,,,,,,,,,47.56130248,-122.28338147,2,SE PMD2,Highest Equity Priority,409,DRINKF-00119,System.Byte[],QL-D3,8b267ab9-c4cd-41cd-8fec-1ea86438503c,SeattleParks_SeattleCityGIS,6/16/2026 4:47:16 PM,SeattleParks_SeattleCityGIS,6/16/2026 4:47:16 PM,1282422.24122798,208119.112381652
14578,Madrona Park,METAL,MADRONA PARK DRINK FOUNT,A,,,,,,,,,,47.61031456,-122.28217409,3,CE PMD3,Lowest,370,DRINKF-00095,System.Byte[],QL-D3,85e7ab84-0e92-4f68-ab81-6895a38540b1,SeattleParks_SeattleCityGIS,6/16/2026 4:47:16 PM,SeattleParks_SeattleCityGIS,6/16/2026 4:47:16 PM,1283056.85050865,225988.220367953
14579,Loyal Heights Playfield,METAL,LOYAL HEIGHTS PLYFLD DRINK FOUNT,A,,,,,,,,,,47.68450717,-122.38267881,6,NW PMD6,Lowest,289,DRINKF-00043,System.Byte[],QL-D3,ef954306-ef4d-447a-bbf0-1e67ffda061a,SeattleParks_SeattleCityGIS,6/16/2026 4:47:16 PM,SeattleParks_SeattleCityGIS,6/16/2026 4:47:16 PM,1258815.19096382,253528.540972158
14580,Woodland Park,METAL,WOODLAND PARK DRINK FOUNT,A,,,,,,,,,,47.66580533,-122.34209214,6,NW PMD6,Lowest,292,DRINKF-00084,System.Byte[],QL-D3,8ec1bbdd-a162-4490-bf9d-4a5ac8b5ad63,SeattleParks_SeattleCityGIS,6/16/2026 4:47:16 PM,SeattleParks_SeattleCityGIS,6/16/2026 4:47:16 PM,1268676.59481391,246509.438820958
14581,Bitter Lake Playfield,METAL,BITTER LAKE PLYFLD DRINK FOUNT,A,,,,,,,,,,47.72349265,-122.34885599,5,NW PMD6,Highest Equity Priority,288,DRINKF-00206,System.Byte[],QL-D3,654ee3d6-9fb7-4a5f-bd2f-1172c90536ac,SeattleParks_SeattleCityGIS,6/16/2026 4:47:16 PM,SeattleParks_SeattleCityGIS,6/16/2026 4:47:16 PM,1267424.64159663,267580.495098546
14582,Laurelhurst Playfield,METAL,LAURELHURST PLYFLD DRINK FOUNT,A,,,,,,,,,,47.65984384,-122.27835726,4,NE PMD4-5,Lowest,340,DRINKF-00108,System.Byte[],QL-D3,fa847b0d-46cc-41d8-918c-a1d9bb6c5b52,SeattleParks_SeattleCityGIS,6/16/2026 4:47:16 PM,SeattleParks_SeattleCityGIS,6/16/2026 4:47:16 PM,1284337.38766195,244033.903778434
14583,Solstice Park,METAL,SOLSTICE PARK DRINK FOUNT,A,,,,,,,,,,47.53605245,-122.39148821,1,SW PMD1,Second Lowest,4453,DRINKF-00164,System.Byte[],QL-D3,206d5547-46b1-4345-ae78-ca5cceb4719d,SeattleParks_SeattleCityGIS,6/16/2026 4:47:16 PM,SeattleParks_SeattleCityGIS,6/16/2026 4:47:16 PM,1255549.41240047,199432.321076751
14584,Spruce Street Mini Park,METAL,SPRUCE ST MINI PARK DRINK FOUNT,A,,,,,,,,,,47.60314699,-122.30445304,3,CE PMD3,Second Highest,3117,DRINKF-00039,System.Byte[],QL-D3,87011131-e157-4780-bf05-ca99655c846f,SeattleParks_SeattleCityGIS,6/16/2026 4:47:16 PM,SeattleParks_SeattleCityGIS,6/16/2026 4:47:16 PM,1277512.38650297,223478.468813375
14585,Ravenna Park,METAL,RAVENNA PARK DRINK FOUNT,A,,,,,,,,,,47.67136935,-122.30555485,4,NE PMD4-5,Middle,391,DRINKF-00063,System.Byte[],QL-D3,3e4c04c1-b3d4-4dcb-be6a-ffb8858c7bdf,SeattleParks_SeattleCityGIS,6/16/2026 4:47:16 PM,SeattleParks_SeattleCityGIS,6/16/2026 4:47:16 PM,1277716.65741517,248364.274726868
14586,,METAL,CLEVELAND PLYFLD DRINK FOUNT,A,,,,,,,,,,47.55238799,-122.31602682,2,SC PMD2,Second Highest,,DRINKF-00131,System.Byte[],QL-D3,03bddb9b-ee5d-4483-87dd-f3d84bc0f55e,SeattleParks_SeattleCityGIS,6/16/2026 4:47:16 PM,SeattleParks_SeattleCityGIS,6/16/2026 4:47:16 PM,1274300.95072368,205021.59397848
14587,Ravenna Park,METAL,RAVENNA PARK DRINK FOUNT,A,,,,,,,,,,47.6691735,-122.30295763,4,NE PMD4-5,Middle,391,DRINKF-00116,System.Byte[],QL-D3,240ba4be-7db0-41e8-868b-fdf0019ddcac,SeattleParks_SeattleCityGIS,6/16/2026 4:47:16 PM,SeattleParks_SeattleCityGIS,6/16/2026 4:47:16 PM,1278341.14010382,247551.221862033
14588,Lincoln Park,METAL,LINCOLN PARK DRINK FOUNT,A,,,,,,,,,,47.5268365,-122.39562195,1,SW PMD1,Second Lowest,460,DRINKF-00201,System.Byte[],QL-D3,1f39f8a3-4a0f-4ba1-8752-553e59442c41,SeattleParks_SeattleCityGIS,6/16/2026 4:47:16 PM,SeattleParks_SeattleCityGIS,6/16/2026 4:47:16 PM,1254460.26923135,196092.058353335
14589,,METAL,PUGET RIDGE PLYGRND DRINK FOUNT,A,,,,,,,,,,47.54733263,-122.35984606,1,SW PMD1,Second Highest,,DRINKF-00185,System.Byte[],QL-D3,ac0c9ee0-5f1e-47b3-8131-d4997243f5fa,SeattleParks_SeattleCityGIS,6/16/2026 4:47:16 PM,SeattleParks_SeattleCityGIS,6/16/2026 4:47:16 PM,1263445.66040856,203389.486072809
14590,Seward Park,STONE,SEWARD PARK DRINK FOUNT,A,,,,,,,,,,47.55200932,-122.2550699,2,SE PMD2,Middle,428,DRINKF-00083,System.Byte[],QL-D3,0d07ee5d-c684-411b-ba17-225d0e661faa,SeattleParks_SeattleCityGIS,6/16/2026 4:47:16 PM,SeattleParks_SeattleCityGIS,6/16/2026 4:47:16 PM,1289348.50523508,204599.453754053
14591,Rainier Playfield,METAL,RAINIER PLYFLD DRINK FOUNT,DE,,,,,,,,,,47.5622555,-122.28663009,2,SE PMD2,Highest Equity Priority,423,DRINKF-00130,System.Byte[],QL-D3,35f258c3-fdcc-4965-966f-a915c90ab795,SeattleParks_SeattleCityGIS,6/16/2026 4:47:16 PM,SeattleParks_SeattleCityGIS,6/16/2026 4:47:16 PM,1281626.86682718,208481.807230026
14592,West Queen Anne Playfield,METAL,W QUEEN ANNE PLYFLD DRINK FOUNT,A,,,,,,,,,,47.63499108,-122.35984014,7,CW PMD7,Lowest,330,DRINKF-00135,System.Byte[],QL-D3,683566f7-319d-4ffa-87e6-5383ea38d88b,SeattleParks_SeattleCityGIS,6/16/2026 4:47:16 PM,SeattleParks_SeattleCityGIS,6/16/2026 4:47:16 PM,1264081.32972121,235357.907033548
14593,Wallingford Playfield,METAL,WALLINGFORD PLYFLD DRINK FOUNT,A,,,,,,,,,,47.65882756,-122.33683274,4,NE PMD4-5,Second Lowest,449,DRINKF-00140,System.Byte[],QL-D3,c7a73f29-d475-4dd3-b5ec-ebad6a2107f6,SeattleParks_SeattleCityGIS,6/16/2026 4:47:16 PM,SeattleParks_SeattleCityGIS,6/16/2026 4:47:16 PM,1269922.55820718,243939.314402327
14594,Delridge Playfield,METAL,DELRIDGE PLYFLD DRINK FOUNT,A,,,,,,,,,,47.56130149,-122.36446467,1,SW PMD1,Second Highest,450,DRINKF-00192,System.Byte[],QL-D3,e4faaafa-9532-4037-a130-df46a161ac82,SeattleParks_SeattleCityGIS,6/16/2026 4:47:16 PM,SeattleParks_SeattleCityGIS,6/16/2026 4:47:16 PM,1262406.6191915,208506.484670043
14595,Dr. Jose Rizal Park,METAL,JOSE RIZAL (DR) PARK DRINK FOUNT,A,,,,,,,,,,47.59226551,-122.31754232,2,SC PMD2,Second Highest,433,DRINKF-00004,System.Byte[],QL-D3,f96d1e64-c819-4dd4-81e3-f97400d9d8a5,SeattleParks_SeattleCityGIS,6/16/2026 4:47:16 PM,SeattleParks_SeattleCityGIS,6/16/2026 4:47:16 PM,1274207.29933158,219572.024841383
14596,Sunset Place,METAL,SUNSET PLACE DRINK FOUNT,A,,,,,,,,,,47.66675859,-122.35757767,6,NW PMD6,Lowest,3901,DRINKF-00162,System.Byte[],QL-D3,04f338e5-6577-4a3b-a9ae-3647617f1a03,SeattleParks_SeattleCityGIS,6/16/2026 4:47:16 PM,SeattleParks_SeattleCityGIS,6/16/2026 4:47:16 PM,1264868.52729002,246932.275621399
14597,Cedar Park,METAL,CEDAR PARK DRINK FOUNT,A,,,,,,,,,,47.72604868,-122.28821865,5,NE PMD4-5,Highest Equity Priority,4167,DRINKF-00096,System.Byte[],QL-D3,a0108bb7-4362-4a36-ab8f-7f9bf3e9a84a,SeattleParks_SeattleCityGIS,6/16/2026 4:47:16 PM,SeattleParks_SeattleCityGIS,6/16/2026 4:47:16 PM,1282364.17831592,268224.664443195
14598,Riverview Playfield,METAL,RIVERVIEW PLYFLD DRINK FOUNT,A,,,,,,,,,,47.53733565,-122.34993288,1,SW PMD1,Second Highest,463,DRINKF-00137,System.Byte[],QL-D3,c0f93be0-7485-4f5b-b0b5-ae043ad0f0ab,SeattleParks_SeattleCityGIS,6/16/2026 4:47:16 PM,SeattleParks_SeattleCityGIS,6/16/2026 4:47:16 PM,1265821.53490698,199695.242101029
14599,,STONE,RAINIER BEACH PLYFLD DRINK FOUNT,A,,,,,,,,,,47.52370977,-122.27356241,2,SE PMD2,Highest Equity Priority,,DRINKF-00007,System.Byte[],QL-D3,181fb15c-905c-4b84-80e8-35f6acdd12ec,SeattleParks_SeattleCityGIS,6/16/2026 4:47:16 PM,SeattleParks_SeattleCityGIS,6/16/2026 4:47:16 PM,1284589.51969421,194363.487343565
14600,Rainier Beach Playfield,METAL,RAINIER BEACH PLYFLD DRINK FOUNT,A,,,,,,,,,,47.52473564,-122.27413314,2,SE PMD2,Highest Equity Priority,422,DRINKF-00026,System.Byte[],QL-D3,23081879-a8de-43ff-bb7c-74e15052a876,SeattleParks_SeattleCityGIS,6/16/2026 4:47:16 PM,SeattleParks_SeattleCityGIS,6/16/2026 4:47:16 PM,1284455.53473407,194740.264495954
14601,Rainier Beach Playfield,METAL,RAINIER BEACH PLYFLD DRINK FOUNT,A,,,,,,,,,,47.52479908,-122.27229681,2,SE PMD2,Highest Equity Priority,422,DRINKF-00213,System.Byte[],QL-D3,e549a647-3096-4566-85b8-1fa5eb06c295,SeattleParks_SeattleCityGIS,6/16/2026 4:47:16 PM,SeattleParks_SeattleCityGIS,6/16/2026 4:47:16 PM,1284909.59316653,194754.909807965
14602,Bitter Lake Playfield,STONE,BITTER LAKE PLYFLD DRINK FOUNT,A,,,,,,,,,,47.72375333,-122.34950072,5,NW PMD6,Highest Equity Priority,288,DRINKF-00129,System.Byte[],QL-D3,f69d9f00-dcb1-4c03-a23c-f3d3c9c86a17,SeattleParks_SeattleCityGIS,6/16/2026 4:47:16 PM,SeattleParks_SeattleCityGIS,6/16/2026 4:47:16 PM,1267267.85913247,267678.687546641
14603,Green Lake Park,METAL,GREEN LAKE PARK DRINK FOUNT,A,,,,,,,,,,47.6822027,-122.33964375,6,NW PMD6,Lowest,307,DRINKF-00141,System.Byte[],QL-D3,aa5df46b-3320-432c-9b5e-c5bf78455978,SeattleParks_SeattleCityGIS,6/16/2026 4:47:16 PM,SeattleParks_SeattleCityGIS,6/16/2026 4:47:16 PM,1269396.83711866,252477.67722708
14604,Pendleton Miller Playfield,METAL,MILLER PLYFLD DRINK FOUNT,A,,,,,,,,,,47.62095488,-122.30696222,3,CE PMD3,Middle,373,DRINKF-00073,System.Byte[],QL-D3,0af79528-a3de-47f2-9d40-a804ce66f833,SeattleParks_SeattleCityGIS,6/16/2026 4:47:16 PM,SeattleParks_SeattleCityGIS,6/16/2026 4:47:16 PM,1277017.86157446,229984.820948049
14605,Leschi Park,METAL,LESCHI PARK DRINK FOUNT,A,,,,,,,,,,47.60137604,-122.28563645,3,CE PMD3,Second Highest,367,DRINKF-00110,System.Byte[],QL-D3,3dfece58-d3de-48e1-9070-06885978e0ab,SeattleParks_SeattleCityGIS,6/16/2026 4:47:16 PM,SeattleParks_SeattleCityGIS,6/16/2026 4:47:16 PM,1282141.4274677,222744.440460622
14606,Green Lake Park,METAL,GREEN LAKE PARK DRINK FOUNT,A,,,,,,,,,,47.68004522,-122.32910414,6,NW PMD6,Lowest,307,DRINKF-00008,System.Byte[],QL-D3,04ce2a6f-f58e-4de9-b83b-c094214407b9,SeattleParks_SeattleCityGIS,6/16/2026 4:47:16 PM,SeattleParks_SeattleCityGIS,6/16/2026 4:47:16 PM,1271977.22828929,251640.216618225
14607,West Magnolia Playfield,METAL,W MAGNOLIA PLYFLD DRINK FOUNT,A,,,,,,,,,,47.64063844,-122.39925756,6,CW PMD7,Second Lowest,319,DRINKF-00138,System.Byte[],QL-D3,35f5b4c4-26a6-4c52-b18b-e78ed0b68082,SeattleParks_SeattleCityGIS,6/16/2026 4:47:16 PM,SeattleParks_SeattleCityGIS,6/16/2026 4:47:16 PM,1254406.84478331,237612.692507848
14608,Magnolia Park,METAL,MAGNOLIA PARK DRINK FOUNT,A,,,,,,,,,,47.63578469,-122.39770661,7,CW PMD7,Lowest,317,DRINKF-00080,System.Byte[],QL-D3,a95a5a00-0744-4c80-b226-7d1b11412c45,SeattleParks_SeattleCityGIS,6/16/2026 4:47:16 PM,SeattleParks_SeattleCityGIS,6/16/2026 4:47:16 PM,1254753.12299165,235834.80207403
14609,Brighton Playfield,METAL,BRIGHTON PLYFLD DRINK FOUNT,A,,,,,,,,,,47.54809365,-122.28287929,2,SE PMD2,Highest Equity Priority,402,DRINKF-00097,System.Byte[],QL-D3,7ba9d75e-0e16-4087-b4ff-d8450b000409,SeattleParks_SeattleCityGIS,6/16/2026 4:47:16 PM,SeattleParks_SeattleCityGIS,6/16/2026 4:47:16 PM,1282455.45831603,203299.513144717
14610,Georgetown Playfield,METAL,GEORGETOWN PLYFLD DRINK FOUNT,A,,,,,,,,,,47.55118236,-122.32194832,1,SC PMD2,Second Highest,410,DRINKF-00048,System.Byte[],QL-D3,da2b9141-6d89-4b3d-b825-2db3803d45d7,SeattleParks_SeattleCityGIS,6/16/2026 4:47:16 PM,SeattleParks_SeattleCityGIS,6/16/2026 4:47:16 PM,1272830.45235416,204610.131578058
14611,Walt Hundley Playfield,METAL,WALT HUNDLEY PLYFLD DRINK FOUNT,A,,,,,,,,,,47.54009202,-122.37445788,1,SW PMD1,Highest Equity Priority,3941,DRINKF-00091,System.Byte[],QL-D3,bb6bf3ba-f8cd-4a72-9be9-0dca596ce7ce,SeattleParks_SeattleCityGIS,6/16/2026 4:47:16 PM,SeattleParks_SeattleCityGIS,6/16/2026 4:47:16 PM,1259784.87640481,200820.812406182
14612,Hiawatha Playfield,METAL,HIAWATHA PLYFLD DRINK FOUNT,A,,,,,,,,,,47.57899988,-122.38408813,1,SW PMD1,Second Lowest,456,DRINKF-00126,System.Byte[],QL-D3,8ebfbf88-7080-4104-b45f-6608ea9678ba,SeattleParks_SeattleCityGIS,6/16/2026 4:47:16 PM,SeattleParks_SeattleCityGIS,6/16/2026 4:47:16 PM,1257692.65617867,215057.935172752
14613,Seward Park,METAL,SEWARD PARK DRINK FOUNT,A,,,,,,,,,,47.54920471,-122.25651338,2,SE PMD2,Middle,428,DRINKF-00145,System.Byte[],QL-D3,eadb10be-2df2-48cb-9088-52ec8d009b7b,SeattleParks_SeattleCityGIS,6/16/2026 4:47:16 PM,SeattleParks_SeattleCityGIS,6/16/2026 4:47:16 PM,1288973.18875469,203583.194297001
14614,Albert Davis Park,METAL,ALBERT DAVIS PARK DRINK FOUNT,A,,,,,,,,,,47.72021061,-122.29850433,5,NE PMD4-5,Second Highest,244,DRINKF-00121,System.Byte[],QL-D3,6076e83d-bb6b-4cbb-881e-c437a889335c,SeattleParks_SeattleCityGIS,6/16/2026 4:47:16 PM,SeattleParks_SeattleCityGIS,6/16/2026 4:47:16 PM,1279792.5994973,266143.54194507
14615,Virgil Flaim Park,METAL,VIRGIL FLAIM PARK DRINK FOUNT,A,,,,,,,,,,47.71764797,-122.2999097,5,NE PMD4-5,Highest Equity Priority,4002,DRINKF-00059,System.Byte[],QL-D3,11a98ffb-9a22-4cba-8349-8970531f5f61,SeattleParks_SeattleCityGIS,6/16/2026 4:47:16 PM,SeattleParks_SeattleCityGIS,6/16/2026 4:47:16 PM,1279428.92205693,265215.533624113
14616,Ballard Commons Park,METAL,BALLARD COMMONS PARK DRINK FOUNT,A,Free Standing,,Yes,Yes,,,ON,,,47.67048391,-122.38502771,6,NW PMD6,Second Lowest,4278,DRINKF-00165,System.Byte[],QL-D3,e1fbd568-bcf8-4ca1-93aa-0f7cfbc3100e,SeattleParks_SeattleCityGIS,6/16/2026 4:47:16 PM,SeattleParks_SeattleCityGIS,6/16/2026 4:47:16 PM,1258133.60709111,248426.029990926
14617,David Rodgers Park,METAL,DAVID RODGERS PARK DRINK FOUNT,A,,,,,,,,,,47.6438689,-122.35889284,7,CW PMD7,Second Lowest,331,DRINKF-00101,System.Byte[],QL-D3,12773fe6-fab6-4940-9216-ec61e47c1143,SeattleParks_SeattleCityGIS,6/16/2026 4:47:16 PM,SeattleParks_SeattleCityGIS,6/16/2026 4:47:16 PM,1264379.03026551,238590.962524861
14618,East Queen Anne Playground,METAL,E QUEEN ANNE PLYGRND DRINK FOUNT,A,,,,,,,,,,47.63606543,-122.35419579,7,CW PMD7,Lowest,329,DRINKF-00015,System.Byte[],QL-D3,42ca2a12-da19-4094-a5ae-09ad99b94a19,SeattleParks_SeattleCityGIS,6/16/2026 4:47:16 PM,SeattleParks_SeattleCityGIS,6/16/2026 4:47:16 PM,1265480.41420265,235722.168409914
14619,Laurelhurst Playfield,METAL,LAURELHURST PLYFLD DRINK FOUNT,A,,,,,,,,,,47.66090151,-122.27726254,4,NE PMD4-5,Lowest,340,DRINKF-00056,System.Byte[],QL-D3,6cee6f6f-a896-4012-a293-971fb0342684,SeattleParks_SeattleCityGIS,6/16/2026 4:47:16 PM,SeattleParks_SeattleCityGIS,6/16/2026 4:47:16 PM,1284614.35265423,244414.574946821
14620,Carkeek Park,STONE,CARKEEK PARK DRINK FOUNT,A,,,,,,,,,,47.71166453,-122.3692314,5,NW PMD6,Lowest,240,DRINKF-00124,System.Byte[],QL-D3,fc3e6073-536f-4f15-8a24-144bc07f2429,SeattleParks_SeattleCityGIS,6/16/2026 4:47:16 PM,SeattleParks_SeattleCityGIS,6/16/2026 4:47:16 PM,1262324.51928741,263366.268342227
14621,Lakeridge Playground,METAL,LAKERIDGE PLYGRND DRINK FOUNT SIDE OF CS,A,,,,,,,,,,47.51037566,-122.24665395,2,SE PMD2,Highest Equity Priority,3972,DRINKF-00144,System.Byte[],QL-D3,cd3f173e-076d-4470-a2f4-35c1c2f56bb2,SeattleParks_SeattleCityGIS,6/16/2026 4:47:16 PM,SeattleParks_SeattleCityGIS,6/16/2026 4:47:16 PM,1291147.52590892,189377.235882461
14622,Camp Long,METAL,CAMP LONG DRINK FOUNT,A,,,,,,,,,,47.55583562,-122.37373779,1,SW PMD1,Second Highest,4154,DRINKF-00079,System.Byte[],QL-D3,feac4d68-a598-4390-9b01-fb57c5e586c3,SeattleParks_SeattleCityGIS,6/16/2026 4:47:16 PM,SeattleParks_SeattleCityGIS,6/16/2026 4:47:16 PM,1260077.64286911,206558.813372061
14623,Fred Hutchinson Playground,METAL,FRED HUTCHINSON PLYGRND DRINK FOUNT,A,,,,,,,,,,47.51466354,-122.25989823,2,SE PMD2,Highest Equity Priority,439,DRINKF-00047,System.Byte[],QL-D3,36e9ef39-b70c-499f-a10d-c966c7299534,SeattleParks_SeattleCityGIS,6/16/2026 4:47:16 PM,SeattleParks_SeattleCityGIS,6/16/2026 4:47:16 PM,1287903.8768816,191001.428140119
14624,Van Asselt Playground,METAL,VAN ASSELT CC DRINK FOUNT,A,,,,,,,,,,47.53952469,-122.29615464,2,SC PMD2,Highest Equity Priority,431,DRINKF-00127,System.Byte[],QL-D3,e766590c-5651-4acf-9832-4153c4e77e30,SeattleParks_SeattleCityGIS,6/16/2026 4:47:16 PM,SeattleParks_SeattleCityGIS,6/16/2026 4:47:16 PM,1279118.13242461,200236.451701581
14625,Volunteer Park,METAL,VOLUNTEER PARK DRINK FOUNT,A,,,,,,,,,,47.62969947,-122.31454428,3,CE PMD3,Lowest,399,DRINKF-00171,System.Byte[],QL-D3,dd5ce4d0-9ccc-4078-977c-5a163ce11e91,SeattleParks_SeattleCityGIS,6/16/2026 4:47:16 PM,SeattleParks_SeattleCityGIS,6/16/2026 4:47:16 PM,1275209.7353006,233209.850583345
14626,Interbay Athletic Field,METAL,INTERBAY ATHLETIC COMPLEX DRINK FOUNT,A,,,,,,,,,,47.64726362,-122.37907017,7,CW PMD7,Middle,3887,DRINKF-00182,System.Byte[],QL-D3,0513e934-9386-4299-85c1-2a9e4cab0fb2,SeattleParks_SeattleCityGIS,6/16/2026 4:47:16 PM,SeattleParks_SeattleCityGIS,6/16/2026 4:47:16 PM,1259431.02245244,239928.234462231
14627,Genesee Park and Playfield,STONE,GENESEE PARK AND PLYFLD DRINK FOUNT,A,,,,,,,,,,47.563018,-122.27942557,2,SE PMD2,Second Highest,409,DRINKF-00030,System.Byte[],QL-D3,c4c06019-dcf2-4031-b177-b555df7d7608,SeattleParks_SeattleCityGIS,6/16/2026 4:47:16 PM,SeattleParks_SeattleCityGIS,6/16/2026 4:47:16 PM,1283410.535181,208726.385790274
14628,Mount Baker Park,METAL,MT BAKER PARK DRINK FOUNT,A,,,,,,,,,,47.57972459,-122.28831863,2,SC PMD2,Second Highest,419,DRINKF-00034,System.Byte[],QL-D3,9b6e8aaa-58ac-44cb-9d0f-d420ec98e51d,SeattleParks_SeattleCityGIS,6/16/2026 4:47:16 PM,SeattleParks_SeattleCityGIS,6/16/2026 4:47:16 PM,1281330.51636288,214860.654724553
14629,Warren G. Magnuson Park,METAL,MAGNUSON PARK DRINK FOUNT,A,Free Standing,,Yes,No,No,,,,,47.68192174,-122.258582,4,NE PMD4-5,Middle,398,DRINKF-00028,System.Byte[],QL-D3,436da539-f1a2-4c6c-a1dc-28b0e960ef00,SeattleParks_SeattleCityGIS,6/16/2026 4:47:16 PM,SeattleParks_SeattleCityGIS,6/16/2026 4:47:16 PM,1289358.9388991,251994.915754586
14630,Riverview Playfield,METAL,RIVERVIEW PLYFLD DRINK FOUNT,A,,,,,,,,,,47.53965888,-122.34982643,1,SW PMD1,Second Highest,463,DRINKF-00074,System.Byte[],QL-D3,98f2059d-94be-4954-81ee-2c191f654b06,SeattleParks_SeattleCityGIS,6/16/2026 4:47:16 PM,SeattleParks_SeattleCityGIS,6/16/2026 4:47:16 PM,1265864.52204303,200541.992693886
14631,Regrade Park,METAL,REGRADE PARK DRINK FOUNT,A,,,,,,,,,,47.61440509,-122.34460455,7,DT PMD7,Middle,336,DRINKF-00160,System.Byte[],QL-D3,81b0a364-b8da-4026-a518-8b67849f75b7,SeattleParks_SeattleCityGIS,6/16/2026 4:47:16 PM,SeattleParks_SeattleCityGIS,6/16/2026 4:47:16 PM,1267689.4757089,227776.167569786
14632,,METAL,W EWING MINI PARK DRINK FOUNT,A,,,,,,,,,,47.65244451,-122.3612125,7,CW PMD7,Second Lowest,,DRINKF-00190,System.Byte[],QL-D3,5faf54ea-9e3d-4ee9-b54f-7124b2b15417,SeattleParks_SeattleCityGIS,6/16/2026 4:47:16 PM,SeattleParks_SeattleCityGIS,6/16/2026 4:47:16 PM,1263869.42892098,241729.776160076
14633,Kinnear Park,METAL,KINNEAR PARK DRINK FOUNT,A,,,,,,,,,,47.62767366,-122.36715255,7,CW PMD7,Middle,314,DRINKF-00150,System.Byte[],QL-D3,43044292-66eb-43e6-9a06-b2eec26c1c62,SeattleParks_SeattleCityGIS,6/16/2026 4:47:16 PM,SeattleParks_SeattleCityGIS,6/16/2026 4:47:16 PM,1262225.61560731,232725.143894851
14634,Denny Park,METAL,DENNY PARK DRINK FOUNT,A,,,,,,,,,,47.61909282,-122.34125311,7,DT PMD7,Middle,309,DRINKF-00115,System.Byte[],QL-D3,a6591f7b-5843-44b8-9281-cbd97745b536,SeattleParks_SeattleCityGIS,6/16/2026 4:47:16 PM,SeattleParks_SeattleCityGIS,6/16/2026 4:47:16 PM,1268549.44415778,229469.547731519
14635,Green Lake Park,METAL,GREEN LAKE PARK DRINK FOUNT,A,,,,,,,,,,47.67165709,-122.34287606,6,NW PMD6,Lowest,307,DRINKF-00093,System.Byte[],QL-D3,a89ad277-83ff-454c-b062-ce9770c5231f,SeattleParks_SeattleCityGIS,6/16/2026 4:47:16 PM,SeattleParks_SeattleCityGIS,6/16/2026 4:47:16 PM,1268525.33727776,248647.340711147
14636,Donnie Chin International Children's Park,METAL,INTERNATIONAL CHILDREN`S PK DRINK FOUNT,A,,,,,,,,,,47.5967817,-122.32353515,2,DT PMD7,Highest Equity Priority,364,DRINKF-00148,System.Byte[],QL-D3,8dda85fa-6ee1-4883-ae38-a80e1955c00c,SeattleParks_SeattleCityGIS,6/16/2026 4:47:16 PM,SeattleParks_SeattleCityGIS,6/16/2026 4:47:16 PM,1272760.72870609,221247.640587091
14637,Woodland Park,METAL,WOODLAND PARK DRINK FOUNT,A,,,,,,,,,,47.66548756,-122.34158681,6,NW PMD6,Lowest,292,DRINKF-00041,System.Byte[],QL-D3,1bc66518-658b-4144-b7b8-acab539aa49b,SeattleParks_SeattleCityGIS,6/16/2026 4:47:16 PM,SeattleParks_SeattleCityGIS,6/16/2026 4:47:16 PM,1268798.81305404,246391.111012846
14638,Lincoln Park,METAL,LINCOLN PARK DRINK FOUNT,A,,,,,,,,,,47.53431247,-122.39467142,1,SW PMD1,Second Lowest,460,DRINKF-00134,System.Byte[],QL-D3,73890e06-1e54-4efe-a9df-a85dc81f46ae,SeattleParks_SeattleCityGIS,6/16/2026 4:47:16 PM,SeattleParks_SeattleCityGIS,6/16/2026 4:47:16 PM,1254750.38481565,198813.701876119
14639,Bhy Kracke Park,METAL,BHY KRACKE PARK DRINK FOUNT,A,,,,,,,,,,47.6304453,-122.3479653,7,CW PMD7,Lowest,304,DRINKF-00009,System.Byte[],QL-D3,426b9740-4a7f-4d92-b9ec-db8ded717f97,SeattleParks_SeattleCityGIS,6/16/2026 4:47:16 PM,SeattleParks_SeattleCityGIS,6/16/2026 4:47:16 PM,1266975.86463617,233642.241815791
14640,,METAL,W EWING MINI PARK DRINK FOUNT,A,,,,,,,,,,47.65178356,-122.35994114,7,CW PMD7,Second Lowest,,DRINKF-00085,System.Byte[],QL-D3,a9f6d4cd-55e0-4a23-8d58-ba42d2df8cdf,SeattleParks_SeattleCityGIS,6/16/2026 4:47:16 PM,SeattleParks_SeattleCityGIS,6/16/2026 4:47:16 PM,1264177.9325373,241482.515807822
14641,Lakewood Playground,METAL,LAKEWOOD PLYGRND DRINK FOUNT,A,,,,,,,,,,47.55884775,-122.27052917,2,SE PMD2,Middle,414,DRINKF-00022,System.Byte[],QL-D3,2db1e822-0647-4251-87af-f5b1c84a20cb,SeattleParks_SeattleCityGIS,6/16/2026 4:47:16 PM,SeattleParks_SeattleCityGIS,6/16/2026 4:47:16 PM,1285578.18241522,207164.343292668
14642,View Ridge Playfield,METAL,VIEW RIDGE PLYFLD DRINK FOUNT,A,,,,,,,,,,47.68118637,-122.28028723,4,NE PMD4-5,Second Lowest,444,DRINKF-00081,System.Byte[],QL-D3,72854934-9de5-414c-b499-e3d630010076,SeattleParks_SeattleCityGIS,6/16/2026 4:47:16 PM,SeattleParks_SeattleCityGIS,6/16/2026 4:47:16 PM,1284008.23278162,251826.491882414
14643,Seacrest Park,STONE,SEACREST PARK COMPLEX DRINK FOUNT,A,,,,,,,,,,47.58927379,-122.38074374,1,SW PMD1,Lowest,455,DRINKF-00204,System.Byte[],QL-D3,c8b22b9f-485e-4c10-840d-6582af66e37d,SeattleParks_SeattleCityGIS,6/16/2026 4:47:16 PM,SeattleParks_SeattleCityGIS,6/16/2026 4:47:16 PM,1258593.28363559,218788.124552578
14644,Kerry Park and Viewpoint,METAL,KERRY PARK DRINK FOUNT,A,,,,,,,,,,47.6294367,-122.35991333,7,CW PMD7,Second Lowest,342,DRINKF-00064,System.Byte[],QL-D3,61912ec7-393f-4358-9367-b4f1d808bf93,SeattleParks_SeattleCityGIS,6/16/2026 4:47:16 PM,SeattleParks_SeattleCityGIS,6/16/2026 4:47:16 PM,1264023.09919316,233332.620695472
14645,Madrona Park,METAL,MADRONA PARK DRINK FOUNT,A,,,,,,,,,,47.60929912,-122.28258925,3,CE PMD3,Lowest,370,DRINKF-00032,System.Byte[],QL-D3,1cd89421-1314-428a-8f37-1ea1dc5902ee,SeattleParks_SeattleCityGIS,6/16/2026 4:47:16 PM,SeattleParks_SeattleCityGIS,6/16/2026 4:47:16 PM,1282947.48718053,225619.818575576
14646,Northacres Park,METAL,NORTHACRES PARK AND PLYFLD DRINK FOUNT,A,,,,,,,,,,47.72189837,-122.32819819,5,NE PMD4-5,Second Highest,361,DRINKF-00104,System.Byte[],QL-D3,90cab181-944c-4532-b729-c42a239f1acf,SeattleParks_SeattleCityGIS,6/16/2026 4:47:16 PM,SeattleParks_SeattleCityGIS,6/16/2026 4:47:16 PM,1272496.88608183,266899.622777849
14647,Mt Baker Ridge Viewpoint,METAL,MT BAKER RIDGE VP DRINK FOUNT,A,,,,,,,,,,47.59010502,-122.29254425,2,SC PMD2,Second Highest,4427,DRINKF-00078,System.Byte[],QL-D3,b2c825c3-2b20-49c6-903a-0955b1b87d05,SeattleParks_SeattleCityGIS,6/16/2026 4:47:16 PM,SeattleParks_SeattleCityGIS,6/16/2026 4:47:16 PM,1280359.56295387,218666.140552446
14648,Maple Wood Playfield,STONE,MAPLE WOOD PLYFLD DRINK FOUNT,A,,,,,,,,,,47.5602488,-122.31946909,2,SC PMD2,Second Highest,418,DRINKF-00044,System.Byte[],QL-D3,6b4a31ed-b74c-4d0b-b310-4a2d1e0680de,SeattleParks_SeattleCityGIS,6/16/2026 4:47:16 PM,SeattleParks_SeattleCityGIS,6/16/2026 4:47:16 PM,1273506.43885086,207904.80082944
14649,Volunteer Park,METAL,VOLUNTEER PARK DRINK FOUNT,A,,,,,,,,,,47.63046041,-122.31512973,3,CE PMD3,Lowest,399,DRINKF-00037,System.Byte[],QL-D3,37f1134e-6785-46f0-af99-2050bd8f4f55,SeattleParks_SeattleCityGIS,6/16/2026 4:47:16 PM,SeattleParks_SeattleCityGIS,6/16/2026 4:47:16 PM,1275070.74835646,233490.141399637
14650,Woodland Park,METAL,WOODLAND PARK DRINK FOUNT,A,,,,,,,,,,47.67240145,-122.34581679,6,NW PMD6,Lowest,292,DRINKF-00125,System.Byte[],QL-D3,d9f872a3-c57d-429a-94c1-f0ee101b76a7,SeattleParks_SeattleCityGIS,6/16/2026 4:47:16 PM,SeattleParks_SeattleCityGIS,6/16/2026 4:47:16 PM,1267806.28850903,248933.027815446
14651,Lynn Street Mini Park,METAL,LYNN ST MINI PARK DRINK FOUNT,A,,,,,,,,,,47.63980519,-122.32958348,3,CE PMD3,Lowest,4075,DRINKF-00114,System.Byte[],QL-D3,db32391d-602d-4778-a027-d4c3765a8803,SeattleParks_SeattleCityGIS,6/16/2026 4:47:16 PM,SeattleParks_SeattleCityGIS,6/16/2026 4:47:16 PM,1271573.80492888,236967.100955188
14652,Ella Bailey Park,METAL,ELLA BAILEY PARK DRINK FOUNT,A,,,,,,,,,,47.64080658,-122.39075175,7,CW PMD7,Middle,318,DRINKF-00017,System.Byte[],QL-D3,ede092ed-0ae2-4314-94cc-15e2dae4ed2d,SeattleParks_SeattleCityGIS,6/16/2026 4:47:16 PM,SeattleParks_SeattleCityGIS,6/16/2026 4:47:16 PM,1256504.53419346,237631.462171867
14653,Washington Park,METAL,WASHINGTON PARK & PLYFLD DRINK FOUNT,A,,,,,,,,,,47.6274044,-122.29392872,3,CE PMD3,Lowest,4486,DRINKF-00062,System.Byte[],QL-D3,31f4764d-7299-4f6e-8e22-797199a8ac5f,SeattleParks_SeattleCityGIS,6/16/2026 4:47:16 PM,SeattleParks_SeattleCityGIS,6/16/2026 4:47:16 PM,1280276.19988179,232275.684502393
14654,Hamilton Viewpoint Park,STONE,HAMILTON VP DRINK FOUNT,A,,,,,,,,,,47.59242512,-122.38527722,1,SW PMD1,Lowest,454,DRINKF-00086,System.Byte[],QL-D3,9ae096e9-5053-4d65-a081-fa720adcaf01,SeattleParks_SeattleCityGIS,6/16/2026 4:47:16 PM,SeattleParks_SeattleCityGIS,6/16/2026 4:47:16 PM,1257497.98033847,219959.912905782
14655,Salmon Bay Park,METAL,SALMON BAY PARK DRINK FOUNT,A,,,,,,,,,,47.67975648,-122.38215126,6,NW PMD6,Second Lowest,249,DRINKF-00025,System.Byte[],QL-D3,dc7cd854-ae90-4dca-aaef-841eeb95c932,SeattleParks_SeattleCityGIS,6/16/2026 4:47:16 PM,SeattleParks_SeattleCityGIS,6/16/2026 4:47:16 PM,1258910.23544392,251793.387242377
14656,Warren G. Magnuson Park,METAL,MAGNUSON PARK DRINK FOUNT,A,,,,,,,,,,47.6804395,-122.24695406,4,NE PMD4-5,Middle,398,DRINKF-00166,System.Byte[],QL-D3,6dc010fd-5c27-4f16-b7ef-e3f30d0063dc,SeattleParks_SeattleCityGIS,6/16/2026 4:47:16 PM,SeattleParks_SeattleCityGIS,6/16/2026 4:47:16 PM,1292212.79874201,251401.507113978
14657,Camp Long,METAL,CAMP LONG DRINK FOUNT,A,,,,,,,,,,47.55541666,-122.37514006,1,SW PMD1,Second Highest,4154,DRINKF-00076,System.Byte[],QL-D3,c4bde6f6-f1a7-4313-98e0-695412f2a77e,SeattleParks_SeattleCityGIS,6/16/2026 4:47:16 PM,SeattleParks_SeattleCityGIS,6/16/2026 4:47:16 PM,1259728.39582875,206412.957051903
14658,Golden Gardens Park,METAL,GOLDEN GARDENS PARK DRINK FOUNT,A,,,,,,,,,,47.68705922,-122.40323311,6,NW PMD6,Lowest,243,DRINKF-00154,System.Byte[],QL-D3,745fefc1-9ef3-4f2b-9b0f-91187f00f2c0,SeattleParks_SeattleCityGIS,6/16/2026 4:47:16 PM,SeattleParks_SeattleCityGIS,6/16/2026 4:47:16 PM,1253772.38347065,254561.847597212
14659,Judkins Park and Playfield,METAL,JUDKINS PARK AND PLYFLD DRINK FOUNT,A,,,,,,,,,,47.59619113,-122.30300384,3,SC PMD2,Highest Equity Priority,397,DRINKF-00107,System.Byte[],QL-D3,b4718e6a-07f0-44e5-807b-388971e49d41,SeattleParks_SeattleCityGIS,6/16/2026 4:47:16 PM,SeattleParks_SeattleCityGIS,6/16/2026 4:47:16 PM,1277821.38887128,220934.846602783
14660,Ross Playground,METAL,ROSS PLYGRND DRINK FOUNT,A,,,,,,,,,,47.66031058,-122.36163158,6,NW PMD6,Lowest,248,DRINKF-00002,System.Byte[],QL-D3,07309152-1d37-4890-bc8a-843a14d09c57,SeattleParks_SeattleCityGIS,6/16/2026 4:47:16 PM,SeattleParks_SeattleCityGIS,6/16/2026 4:47:16 PM,1263823.13829695,244600.53321901
14661,Camp Long,METAL,CAMP LONG DRINK FOUNT,A,,,,,,,,,,47.55577691,-122.37357836,1,SW PMD1,Second Highest,4154,DRINKF-00035,System.Byte[],QL-D3,fc009b88-383b-4fdb-b2bd-a2d62f77f9e1,SeattleParks_SeattleCityGIS,6/16/2026 4:47:16 PM,SeattleParks_SeattleCityGIS,6/16/2026 4:47:16 PM,1260116.57387716,206536.615228027
14662,Smith Cove Park,STONE,SMITH COVE PARK DRINK FOUNT,A,,,,,,,,,,47.63179297,-122.38584504,7,CW PMD7,Middle,4433,DRINKF-00049,System.Byte[],QL-D3,bc1c023e-e576-45d8-9231-d535100124c8,SeattleParks_SeattleCityGIS,6/16/2026 4:47:16 PM,SeattleParks_SeattleCityGIS,6/16/2026 4:47:16 PM,1257647.57617863,234319.840216488
14663,Benefit Playground,METAL,BENEFIT PLYGRND DRINK FOUNT,A,,,,,,,,,,47.51908507,-122.28465674,2,SE PMD2,Highest Equity Priority,436,DRINKF-00196,System.Byte[],QL-D3,cd2dd3f3-f5b6-4a41-aebb-e743f7ae074c,SeattleParks_SeattleCityGIS,6/16/2026 4:47:16 PM,SeattleParks_SeattleCityGIS,6/16/2026 4:47:16 PM,1281817.03373937,192728.3528139
14664,Madrona Playground,METAL,MADRONA PLYGRND DRINK FOUNT,A,,,,,,,,,,47.61121959,-122.289917,3,CE PMD3,Lowest,371,DRINKF-00109,System.Byte[],QL-D3,8158156e-a714-48ef-b0b1-b62f3e7e4b6b,SeattleParks_SeattleCityGIS,6/16/2026 4:47:16 PM,SeattleParks_SeattleCityGIS,6/16/2026 4:47:16 PM,1281153.52129069,226354.336080328
14665,Christie Park,METAL,CHRISTIE PARK DRINK FOUNT,A,,,,,,,,,,47.65934722,-122.31910627,4,NE PMD4-5,Second Highest,595,DRINKF-00092,System.Byte[],QL-D3,e963488a-377a-4a48-a58a-9e5b28e62c7c,SeattleParks_SeattleCityGIS,6/16/2026 4:47:16 PM,SeattleParks_SeattleCityGIS,6/16/2026 4:47:16 PM,1274293.84902766,244043.994978443
14666,T.T. Minor Playground,METAL,T T MINOR PLYGRND DRINK FOUNT,A,,,,,,,,,,47.6134618,-122.31017543,3,CE PMD3,Middle,3913,DRINKF-00052,System.Byte[],QL-D3,3ed90a7a-c7db-423c-931a-f04fa75b2187,SeattleParks_SeattleCityGIS,6/16/2026 4:47:16 PM,SeattleParks_SeattleCityGIS,6/16/2026 4:47:16 PM,1276173.12704559,227267.298193261
14667,Fairmount Playground,METAL,FAIRMNT PLYGRND DRINK FOUNT,A,,,,,,,,,,47.55385108,-122.38046385,1,SW PMD1,Middle,452,DRINKF-00031,System.Byte[],QL-D3,e5ff5a70-78ab-4137-93e9-c62d9fb1bc5b,SeattleParks_SeattleCityGIS,6/16/2026 4:47:16 PM,SeattleParks_SeattleCityGIS,6/16/2026 4:47:16 PM,1258402.59467539,205868.383675352
14668,Pioneer Square,METAL,PIONEER SQUARE DRINK FOUNT,A,,,,,,,,,,47.60193065,-122.33374166,1,DT PMD7,Highest Equity Priority,325,DRINKF-00112,System.Byte[],QL-D3,e99eac3f-78fa-4f7c-a53d-c384b20731ee,SeattleParks_SeattleCityGIS,6/16/2026 4:47:16 PM,SeattleParks_SeattleCityGIS,6/16/2026 4:47:16 PM,1270279.55910355,223174.366413072
14669,Hing Hay Park,METAL,HING HAY PARK (MINI HEAVEN) DRINK FOUNT,A,,,,,,,,,,47.59847719,-122.32522009,2,DT PMD7,Highest Equity Priority,358,DRINKF-00159,System.Byte[],QL-D3,9eb7c3b3-05f7-43bb-ab4f-0bfa97d108f1,SeattleParks_SeattleCityGIS,6/16/2026 4:47:16 PM,SeattleParks_SeattleCityGIS,6/16/2026 4:47:16 PM,1272357.06873769,221874.032715738
14670,Northacres Park,METAL,NORTHACRES PARK AND PLYFLD DRINK FOUNT,A,,,,,,,,,,47.72065365,-122.32609076,5,NE PMD4-5,Second Highest,361,DRINKF-00036,System.Byte[],QL-D3,b1804d3e-4ebf-49ec-9aed-f4740918cfdf,SeattleParks_SeattleCityGIS,6/16/2026 4:47:16 PM,SeattleParks_SeattleCityGIS,6/16/2026 4:47:16 PM,1273006.70067436,266435.604729369
14671,Pinehurst Playground,METAL,PINEHURST PLYGRND DRINK FOUNT,A,,,,,,,,,,47.71656632,-122.31430572,5,NE PMD4-5,Second Highest,382,DRINKF-00054,System.Byte[],QL-D3,6cc6d091-2c52-46f7-acbe-a812c0334cfb,SeattleParks_SeattleCityGIS,6/16/2026 4:47:16 PM,SeattleParks_SeattleCityGIS,6/16/2026 4:47:16 PM,1275878.28282128,264888.91979979
14672,,METAL,PREFONTAINE PLACE DRINK FOUNT,A,,,,,,,,,,47.60196941,-122.33080312,1,DT PMD7,Highest Equity Priority,,DRINKF-00191,System.Byte[],QL-D3,b55ee2eb-53f1-4610-8288-b076afb5997e,SeattleParks_SeattleCityGIS,6/16/2026 4:47:16 PM,SeattleParks_SeattleCityGIS,6/16/2026 4:47:16 PM,1271004.6538243,223174.382477075
14673,Crown Hill Park,METAL,CROWN HILL PARK DRINK FOUNT,A,,,,,,,,,,47.69662043,-122.3735508,5,NW PMD6,Middle,4469,DRINKF-00149,System.Byte[],QL-D3,12f8f7b0-51c1-4e4c-ac97-8d265f26f8be,SeattleParks_SeattleCityGIS,6/16/2026 4:47:16 PM,SeattleParks_SeattleCityGIS,6/16/2026 4:47:16 PM,1261151.5314462,257901.034480631
14674,B.F. Day Playground,METAL,B F DAY PLYGRND DRINK FOUNT,A,,,,,,,,,,47.65566513,-122.3490679,6,NW PMD6,Lowest,241,DRINKF-00203,System.Byte[],QL-D3,a6c91531-1080-4f1a-932b-ebd255b34219,SeattleParks_SeattleCityGIS,6/16/2026 4:47:16 PM,SeattleParks_SeattleCityGIS,6/16/2026 4:47:16 PM,1266885.22572409,242845.13251321
14675,Meadowbrook Playfield,METAL,MEADOWBROOK PLYFLD DRINK FOUNT,A,,,,,,,,,,47.70644203,-122.29387958,5,NE PMD4-5,Second Highest,352,DRINKF-00113,System.Byte[],QL-D3,c4c9c4e8-0384-46d7-b185-7ff1d5b403b7,SeattleParks_SeattleCityGIS,6/16/2026 4:47:16 PM,SeattleParks_SeattleCityGIS,6/16/2026 4:47:16 PM,1280835.44417037,261100.490035906
14676,Firehouse Mini Park,METAL,FIREHOUSE MINI PARK DRINK FOUNT,A,,,,,,,,,,47.60848643,-122.30864937,3,CE PMD3,Second Highest,351,DRINKF-00187,System.Byte[],QL-D3,b5f8394b-dc08-434c-b780-1a33da6f63d4,SeattleParks_SeattleCityGIS,6/16/2026 4:47:16 PM,SeattleParks_SeattleCityGIS,6/16/2026 4:47:16 PM,1276514.67264594,225445.569871396
14677,Oxbow Park,METAL,OXBOW PARK DRINK FOUNT,A,,,,,,,,,,47.54509107,-122.32149891,1,SC PMD2,Second Highest,4416,DRINKF-00146,System.Byte[],QL-D3,d6f48d87-1e49-4e7b-af0c-87e80dfb045d,SeattleParks_SeattleCityGIS,6/16/2026 4:47:16 PM,SeattleParks_SeattleCityGIS,6/16/2026 4:47:16 PM,1272898.45024224,202386.513335779
14678,Victory Heights Playground,METAL,VICTORY HEIGHTS PLYGRND DRINK FOUNT,A,,,,,,,,,,47.70595762,-122.30811408,5,NE PMD4-5,Middle,438,DRINKF-00128,System.Byte[],QL-D3,5a9e0c41-9d6e-46de-b8d1-90beb4a6d816,SeattleParks_SeattleCityGIS,6/16/2026 4:47:16 PM,SeattleParks_SeattleCityGIS,6/16/2026 4:47:16 PM,1277328.00237477,260990.660851792
14679,Bill Wright Golf Complex at Jefferson Park,METAL,JEFFERSON GOLF COURSE DRINK FOUNT,A,,,,,,,,,,47.56576755,-122.31099516,2,SC PMD2,Highest Equity Priority,4153,DRINKF-00072,System.Byte[],QL-D3,a27e5aa5-c292-45c9-bf11-ad729affa128,SeattleParks_SeattleCityGIS,6/16/2026 4:47:16 PM,SeattleParks_SeattleCityGIS,6/16/2026 4:47:16 PM,1275636.95034105,209877.190591455
14680,Camp Long,METAL,CAMP LONG DRINK FOUNT,A,,,,,,,,,,47.55513616,-122.37457291,1,SW PMD1,Second Highest,4154,DRINKF-00200,System.Byte[],QL-D3,c86a320a-5d1e-4382-85dc-206f049d4eb0,SeattleParks_SeattleCityGIS,6/16/2026 4:47:16 PM,SeattleParks_SeattleCityGIS,6/16/2026 4:47:16 PM,1259866.36504489,206307.857147798
14681,East Queen Anne Playground,METAL,E QUEEN ANNE PLYGRND DRINK FOUNT,A,,,,,,,,,,47.63618898,-122.35381774,7,CW PMD7,Lowest,329,DRINKF-00005,System.Byte[],QL-D3,1d48e4e5-497e-4b45-a16e-cd7a1f6c1289,SeattleParks_SeattleCityGIS,6/16/2026 4:47:16 PM,SeattleParks_SeattleCityGIS,6/16/2026 4:47:16 PM,1265574.49177074,235765.38191396
14682,Seward Park,METAL,SEWARD PARK DRINK FOUNT,A,,,,,,,,,,47.55153132,-122.25744001,2,SE PMD2,Middle,428,DRINKF-00143,System.Byte[],QL-D3,90774bf2-e57c-4f37-83f6-a57347d5ce84,SeattleParks_SeattleCityGIS,6/16/2026 4:47:16 PM,SeattleParks_SeattleCityGIS,6/16/2026 4:47:16 PM,1288760.09531447,204435.945593879
14683,Bhy Kracke Park,METAL,BHY KRACKE PARK DRINK FOUNT,A,,,,,,,,,,47.63059344,-122.34851088,7,CW PMD7,Lowest,304,DRINKF-00209,System.Byte[],QL-D3,f309ce92-f951-4b1d-b8fe-6029061be67f,SeattleParks_SeattleCityGIS,6/16/2026 4:47:16 PM,SeattleParks_SeattleCityGIS,6/16/2026 4:47:16 PM,1266842.43116404,233698.915927842
14684,Northgate Community Center,METAL,NORTHGATE COMMUNITY CENT DRINK FOUNT,A,,,,,,,,,,47.70580153,-122.32263451,5,NE PMD4-5,Highest Equity Priority,4425,DRINKF-00021,System.Byte[],QL-D3,af856df2-5eff-423e-8379-734418f7fa74,SeattleParks_SeattleCityGIS,6/16/2026 4:47:16 PM,SeattleParks_SeattleCityGIS,6/16/2026 4:47:16 PM,1273752.43801911,261002.580467805
14685,Seward Park,METAL,SEWARD PARK DRINK FOUNT,A,,,,,,,,,,47.55052304,-122.25178738,2,SE PMD2,Middle,428,DRINKF-00189,System.Byte[],QL-D3,46dfc832-cc03-4d4b-b56e-7c031d1230b8,SeattleParks_SeattleCityGIS,6/16/2026 4:47:16 PM,SeattleParks_SeattleCityGIS,6/16/2026 4:47:16 PM,1290148.9698759,204042.44504948
14686,Beer Sheva Park,METAL,BEER SHEVA PARK DRINK FOUNT,A,,,,,,,,,,47.52429895,-122.2638908,2,SE PMD2,Highest Equity Priority,440,DRINKF-00136,System.Byte[],QL-D3,1d34276b-fd83-4cf0-a712-c91f630e06d1,SeattleParks_SeattleCityGIS,6/16/2026 4:47:16 PM,SeattleParks_SeattleCityGIS,6/16/2026 4:47:16 PM,1286982.73275267,194533.794415742
14687,South Park Playground,METAL,SOUTH PARK PLYGRND DRINK FOUNT,A,,,,,,,,,,47.5283107,-122.32496629,1,SW PMD1,Highest Equity Priority,467,DRINKF-00050,System.Byte[],QL-D3,cd71cc07-2329-4f74-93a3-11b8c7a020f3,SeattleParks_SeattleCityGIS,6/16/2026 4:47:16 PM,SeattleParks_SeattleCityGIS,6/16/2026 4:47:16 PM,1271923.61785723,196283.350961536
14688,Cal Anderson Park,METAL,CAL ANDERSON PARK DRINK FOUNT,A,,,,,,,,,,47.61640262,-122.31906972,3,CE PMD3,Second Lowest,3102,DRINKF-00012,System.Byte[],QL-D3,d6c731bc-c01e-48ef-8868-c18e759b73e8,SeattleParks_SeattleCityGIS,6/16/2026 4:47:16 PM,SeattleParks_SeattleCityGIS,6/16/2026 4:47:16 PM,1274000.44800337,228382.031186402
14689,Lake Union Park,METAL,LAKE UNION PARK DRINK FOUNT,A,,,,,,,,,,47.62615028,-122.33787251,7,DT PMD7,Lowest,344,DRINKF-00123,System.Byte[],QL-D3,053634a1-d294-4e14-8dfd-dc2c46d1a09e,SeattleParks_SeattleCityGIS,6/16/2026 4:47:16 PM,SeattleParks_SeattleCityGIS,6/16/2026 4:47:16 PM,1269433.35084669,232027.054742128
14690,Cowen Park,METAL,COWEN PARK DRINK FOUNT,A,,,,,,,,,,47.67227266,-122.31260618,4,NE PMD4-5,Middle,483,DRINKF-00075,System.Byte[],QL-D3,98c00b17-2451-4801-a35a-e1218c03aa8e,SeattleParks_SeattleCityGIS,6/16/2026 4:47:16 PM,SeattleParks_SeattleCityGIS,6/16/2026 4:47:16 PM,1275986.0198454,248727.025959238
14691,Rogers Playground,METAL,ROGERS PLYGRND DRINK FOUNT,A,,,,,,,,,,47.6429257,-122.32508192,3,CE PMD3,Lowest,380,DRINKF-00098,System.Byte[],QL-D3,73e87a8d-defb-4bb7-94d1-d15011316107,SeattleParks_SeattleCityGIS,6/16/2026 4:47:16 PM,SeattleParks_SeattleCityGIS,6/16/2026 4:47:16 PM,1272705.41549005,238083.598108336
14692,Licton Springs Park,METAL,LICTON SPRINGS PARK DRINK FOUNT,A,,,,,,,,,,47.69872411,-122.33915758,5,NE PMD4-5,Highest Equity Priority,286,DRINKF-00147,System.Byte[],QL-D3,85fa5bd3-abdb-4cc6-859b-6cd2fd2d76af,SeattleParks_SeattleCityGIS,6/16/2026 4:47:16 PM,SeattleParks_SeattleCityGIS,6/16/2026 4:47:16 PM,1269634.4816629,258500.63236925
14693,Seward Park,METAL,SEWARD PARK DRINK FOUNT,A,,,,,,,,,,47.54949632,-122.25639569,2,SE PMD2,Middle,428,DRINKF-00106,System.Byte[],QL-D3,dd56cf40-9de4-416f-a00b-052dc1cca704,SeattleParks_SeattleCityGIS,6/16/2026 4:47:16 PM,SeattleParks_SeattleCityGIS,6/16/2026 4:47:16 PM,1289004.21659473,203689.007737115
14694,"John C. Little, Sr. Park",METAL,JOHN C LITTLE SR PARK DRINK FOUNT,A,,,,,,,,,,47.53930327,-122.28649246,2,SC PMD2,Highest Equity Priority,429,DRINKF-00046,System.Byte[],QL-D3,31d88e80-4824-4217-806d-267e05b8d2a4,SeattleParks_SeattleCityGIS,6/16/2026 4:47:16 PM,SeattleParks_SeattleCityGIS,6/16/2026 4:47:16 PM,1281502.75879505,200110.489013448
14695,South Park Playground,METAL,SOUTH PARK PLYGRND DRINK FOUNT,A,,,,,,,,,,47.52812872,-122.32312366,1,SW PMD1,Highest Equity Priority,467,DRINKF-00170,System.Byte[],QL-D3,d2dd10f7-7cd2-42b9-b8c4-9be3eba75805,SeattleParks_SeattleCityGIS,6/16/2026 4:47:16 PM,SeattleParks_SeattleCityGIS,6/16/2026 4:47:16 PM,1272377.4798097,196208.164145455
14696,Rainier Beach Playfield,METAL,RAINIER BEACH PLYFLD DRINK FOUNT,A,,,,,,,,,,47.52603172,-122.27273608,2,SE PMD2,Highest Equity Priority,422,DRINKF-00179,System.Byte[],QL-D3,3e8fa181-0964-48fa-b109-8144b840ea99,SeattleParks_SeattleCityGIS,6/16/2026 4:47:16 PM,SeattleParks_SeattleCityGIS,6/16/2026 4:47:16 PM,1284809.49166243,195206.486960426
14697,Highland Park Playground,METAL,HIGHLAND PARK PLYGRND DRINK FOUNT,A,,,,,,,,,,47.52705123,-122.34933472,1,SW PMD1,Highest Equity Priority,457,DRINKF-00077,System.Byte[],QL-D3,c410bd0e-f26f-407e-ac4c-d0dd8ce1c1f4,SeattleParks_SeattleCityGIS,6/16/2026 4:47:16 PM,SeattleParks_SeattleCityGIS,6/16/2026 4:47:16 PM,1265895.36351506,195941.666929185
14698,Laurelhurst Playfield,METAL,LAURELHURST PLYFLD DRINK FOUNT,A,,,,,,,,,,47.65912855,-122.27852793,4,NE PMD4-5,Lowest,340,DRINKF-00142,System.Byte[],QL-D3,98281176-72f3-4f57-8d02-5fcccb9fd6ca,SeattleParks_SeattleCityGIS,6/16/2026 4:47:16 PM,SeattleParks_SeattleCityGIS,6/16/2026 4:47:16 PM,1284290.4382859,243773.828194156
14699,Duwamish Waterway Park,METAL,DUWAMISH WATERWAY PARK,A,,,,,,,OFF,SEASON,,47.53118085,-122.31997134,1,SW PMD1,Highest Equity Priority,705,DRINKF-00218,System.Byte[],QL-D1,4b2d4282-b0f8-4800-b224-36054ad65090,SeattleParks_SeattleCityGIS,6/16/2026 4:47:16 PM,SeattleParks_SeattleCityGIS,6/16/2026 4:47:16 PM,1273177.63993852,197306.206898585
14700,Amy Yee Tennis Center,STONE,AMY YEE TENNIS CENTER,A,Free Standing,,No,No,No,,OFF,,no water 7.19.2024 and no drain fittings,47.5847472,-122.29713655,2,SC PMD2,Second Highest,426,DRINKF-00221,System.Byte[],QL-D3,041dc1e7-fd1d-4f71-a5b1-755a80867755,SeattleParks_SeattleCityGIS,6/16/2026 4:47:16 PM,SeattleParks_SeattleCityGIS,6/16/2026 4:47:16 PM,1279189.38772067,216733.667398468
14701,Amy Yee Tennis Center,STONE,AMY YEE TENNIS CENTER DRINK FOUNT,A,Free Standing,,No,No,No,,OFF,,no water 7.19.2024 and no drain fittings,47.58514259,-122.29715745,2,SC PMD2,Second Highest,426,DRINKF-00163,System.Byte[],QL-D3,c8c0c931-f62e-4fa6-ace2-daf23bf91fdd,SeattleParks_SeattleCityGIS,6/16/2026 4:47:16 PM,SeattleParks_SeattleCityGIS,6/16/2026 4:47:16 PM,1279186.97306468,216877.961990625
14702,Hiawatha Playfield,STONE,HIAWATHA PLAYFIELD,A,,,,,,,,,,47.57873168,-122.38494232,1,SW PMD1,Second Lowest,456,DRINKF-00220,System.Byte[],QL-D3,407b9cdb-569d-443d-9682-6efa3b8f0a4b,SeattleParks_SeattleCityGIS,6/16/2026 4:47:16 PM,SeattleParks_SeattleCityGIS,6/16/2026 4:47:16 PM,1257479.90033844,214964.375300661
14703,Cheryl Chow Park,METAL,CHERYL CHOW PARK DRINKING FOUNTAIN,A,,,Yes,,Yes,2024,,,,47.57014669,-122.28980785,2,SC PMD2,Second Highest,4483,DRINKF-00219,System.Byte[],QL-D1,4819b45f-138a-4c94-9514-cf5cb40f013b,SeattleParks_SeattleCityGIS,6/16/2026 4:47:16 PM,SeattleParks_SeattleCityGIS,6/16/2026 4:47:16 PM,1280896.90925843,211374.553728983
14704,Gilman Playground,METAL,GILMAN PLYGRND DRINK FOUNT,A,,,,,,,,,,47.66713553,-122.36947878,6,NW PMD6,Second Lowest,242,DRINKF-00070,System.Byte[],QL-D3,e6fe4032-7008-432f-b6fd-e6e3e507cd28,SeattleParks_SeattleCityGIS,6/16/2026 4:47:16 PM,SeattleParks_SeattleCityGIS,6/16/2026 4:47:16 PM,1261939.42751102,247128.046181604
14705,Volunteer Park,STONE,VOLUNTEER PARK DRINK FOUNT,A,,,,,,,,,,47.63201883,-122.31434834,3,CE PMD3,Lowest,399,DRINKF-00153,System.Byte[],QL-D3,df435c35-7c57-4f81-9c81-3c6d9c29e023,SeattleParks_SeattleCityGIS,6/16/2026 4:47:16 PM,SeattleParks_SeattleCityGIS,6/16/2026 4:47:16 PM,1275274.32077266,234054.783960208
14706,Beacon Hill Playground,METAL,BEACON HILL PLYFLD DRINK FOUNT,A,,,,,,,,,,47.58658677,-122.31542454,2,SC PMD2,Second Highest,400,DRINKF-00065,System.Byte[],QL-D3,2b69336c-ca5c-4c19-9a4e-04b4ff13a28c,SeattleParks_SeattleCityGIS,6/16/2026 4:47:16 PM,SeattleParks_SeattleCityGIS,6/16/2026 4:47:16 PM,1274689.88070807,217490.93063125
14707,Ravenna-Eckstein Park,METAL,RAVENNA-ECKSTEIN PARK DRINK FOUNT,A,,,,,,,,,,47.6769064,-122.30449533,4,NE PMD4-5,Lowest,488,DRINKF-00024,System.Byte[],QL-D3,18d460a3-3200-4517-9444-5950c7067adb,SeattleParks_SeattleCityGIS,6/16/2026 4:47:16 PM,SeattleParks_SeattleCityGIS,6/16/2026 4:47:16 PM,1278016.25824748,250378.641704932
14708,University Playground,METAL,UNIVERSITY PLYGRND DRINK FOUNT,A,,,,,,,,,,47.66449483,-122.31969354,4,NE PMD4-5,Second Highest,435,DRINKF-00172,System.Byte[],QL-D3,aaaf80ca-3569-4aa6-b320-5ca553e99a90,SeattleParks_SeattleCityGIS,6/16/2026 4:47:16 PM,SeattleParks_SeattleCityGIS,6/16/2026 4:47:16 PM,1274185.41779555,245924.108644366
14709,Woodland Park,METAL,WOODLAND PARK DRINK FOUNT,A,,,,,,,,,,47.66558617,-122.34434304,6,NW PMD6,Lowest,292,DRINKF-00016,System.Byte[],QL-D3,221b1a2e-b0b6-4d3a-a47c-87b9d082c383,SeattleParks_SeattleCityGIS,6/16/2026 4:47:16 PM,SeattleParks_SeattleCityGIS,6/16/2026 4:47:16 PM,1268120.50111735,246440.394340888
14710,Woodland Park,METAL,WOODLAND PARK DRINK FOUNT,A,,,,,,,,,,47.66914816,-122.34305234,6,NW PMD6,Lowest,292,DRINKF-00066,System.Byte[],QL-D3,676321d8-0d2a-41a7-aec9-61f256e13ef1,SeattleParks_SeattleCityGIS,6/16/2026 4:47:16 PM,SeattleParks_SeattleCityGIS,6/16/2026 4:47:16 PM,1268463.9617257,247733.19427821
14711,Woodland Park,METAL,WOODLAND PARK DRINK FOUNT,A,,,,,,,,,,47.6656227,-122.34491827,6,NW PMD6,Lowest,292,DRINKF-00157,System.Byte[],QL-D3,ec78a259-f630-4455-b75e-0e15f31f2771,SeattleParks_SeattleCityGIS,6/16/2026 4:47:16 PM,SeattleParks_SeattleCityGIS,6/16/2026 4:47:16 PM,1267979.0495972,246456.499300912
14712,Seward Park,METAL,SEWARD PARK DRINK FOUNT,A,,,,,,,,,,47.56154477,-122.25341087,2,SE PMD2,Middle,428,DRINKF-00003,System.Byte[],QL-D3,fdac8c08-d0d8-41d7-8307-251b01907fce,SeattleParks_SeattleCityGIS,6/16/2026 4:47:16 PM,SeattleParks_SeattleCityGIS,6/16/2026 4:47:16 PM,1289822.29889956,208069.495357603
14713,Seward Park,METAL,SEWARD PARK DRINK FOUNT,A,,,,,,,,,,47.55007334,-122.2567452,2,SE PMD2,Middle,428,DRINKF-00011,System.Byte[],QL-D3,6ac0eac2-dee2-4c94-bf54-cdc7eaa84289,SeattleParks_SeattleCityGIS,6/16/2026 4:47:16 PM,SeattleParks_SeattleCityGIS,6/16/2026 4:47:16 PM,1288921.80987464,203901.042745337
14714,Washington Park and Arboretum,METAL,WASHINGTON PARK ARBORETUM DRINK FOUNT,A,,,,,,,,,,47.63254931,-122.29306942,3,CE PMD3,Lowest,393,DRINKF-00175,System.Byte[],QL-D3,a8aac0c5-683d-4fb6-a6eb-76a2b662bac9,SeattleParks_SeattleCityGIS,6/16/2026 4:47:16 PM,SeattleParks_SeattleCityGIS,6/16/2026 4:47:16 PM,1280523.64692205,234148.011800304
14715,,METAL,DEARBORN PARK DRINK FOUNT,A,,,,,,,,,,47.55247116,-122.29530689,2,SC PMD2,Highest Equity Priority,,DRINKF-00100,System.Byte[],QL-D3,533acec8-f991-44ba-9311-8d2e97f41f38,SeattleParks_SeattleCityGIS,6/16/2026 4:47:16 PM,SeattleParks_SeattleCityGIS,6/16/2026 4:47:16 PM,1279417.19834492,204954.039354414
14716,Discovery Park,METAL,DISCOVERY PARK DRINK FOUNT,A,,,,,,,,,,47.66089986,-122.42806245,6,CW PMD7,Second Lowest,310,DRINKF-00013,System.Byte[],QL-D3,c41f7075-61bc-45e3-b5d9-fd1e6ac20b50,SeattleParks_SeattleCityGIS,6/16/2026 4:47:16 PM,SeattleParks_SeattleCityGIS,6/16/2026 4:47:16 PM,1247460.41380019,245147.587875575
14717,Green Lake Park,METAL,GREEN LAKE PARK DRINK FOUNT,A,,,,,,,,,,47.68204678,-122.33992791,6,NW PMD6,Lowest,307,DRINKF-00029,System.Byte[],QL-D3,7fdeb2db-c281-406e-a8d2-f753b105d637,SeattleParks_SeattleCityGIS,6/16/2026 4:47:16 PM,SeattleParks_SeattleCityGIS,6/16/2026 4:47:16 PM,1269325.74015857,252422.183915019
14718,Green Lake Park,METAL,GREEN LAKE PARK DRINK FOUNT,A,,,,,,,,,,47.67194643,-122.34334124,6,NW PMD6,Lowest,307,DRINKF-00040,System.Byte[],QL-D3,a90174ed-da0e-4368-a1e4-8e6e54f52ddb,SeattleParks_SeattleCityGIS,6/16/2026 4:47:16 PM,SeattleParks_SeattleCityGIS,6/16/2026 4:47:16 PM,1268412.82073364,248755.107239261
14719,Green Lake Park,METAL,GREEN LAKE PARK DRINK FOUNT,A,,,,,,,,,,47.67866722,-122.32911093,6,NW PMD6,Lowest,307,DRINKF-00205,System.Byte[],QL-D3,e8c32779-8227-4cec-85f4-df87afe970f2,SeattleParks_SeattleCityGIS,6/16/2026 4:47:16 PM,SeattleParks_SeattleCityGIS,6/16/2026 4:47:16 PM,1271965.78643328,251137.695977703
14720,Gas Works Park,METAL,GAS WORKS PARK DRINK FOUNT,A,,,,,,,,,,47.64620575,-122.33368047,4,NE PMD4-5,Lowest,293,DRINKF-00152,System.Byte[],QL-D3,0e97ea11-2499-4aa7-8391-b3ce8278ba0e,SeattleParks_SeattleCityGIS,6/16/2026 4:47:16 PM,SeattleParks_SeattleCityGIS,6/16/2026 4:47:16 PM,1270609.49254389,239321.026077598
14721,Lincoln Park,METAL,LINCOLN PARK DRINK FOUNT,A,,,,,,,,,,47.52733099,-122.39511802,1,SW PMD1,Second Lowest,460,DRINKF-00202,System.Byte[],QL-D3,d2e61558-1153-4aa1-b9b7-a509cedabf4b,SeattleParks_SeattleCityGIS,6/16/2026 4:47:16 PM,SeattleParks_SeattleCityGIS,6/16/2026 4:47:16 PM,1254588.40612748,196269.865137517
14722,Judkins Park and Playfield,METAL,JUDKINS PARK AND PLYFLD DRINK FOUNT,A,,,,,,,,,,47.59469725,-122.30458133,3,SC PMD2,Highest Equity Priority,397,DRINKF-00033,System.Byte[],QL-D3,d7d27a64-bd45-40a8-a515-5f9708eae268,SeattleParks_SeattleCityGIS,6/16/2026 4:47:16 PM,SeattleParks_SeattleCityGIS,6/16/2026 4:47:16 PM,1277421.82208687,220397.46874623
14723,Walt Hundley Playfield,METAL,WALT HUNDLEY PLYFLD DRINK FOUNT,A,,,,,,,,,,47.54026622,-122.3721178,1,SW PMD1,Highest Equity Priority,3941,DRINKF-00023,System.Byte[],QL-D3,d3ac8650-59f8-4875-85e1-8ba832c5612c,SeattleParks_SeattleCityGIS,6/16/2026 4:47:16 PM,SeattleParks_SeattleCityGIS,6/16/2026 4:47:16 PM,1260364.0307094,200872.777142227
14724,Walt Hundley Playfield,METAL,WALT HUNDLEY PLYFLD DRINK FOUNT,A,,,,,,,,,,47.54055198,-122.37309663,1,SW PMD1,Highest Equity Priority,3941,DRINKF-00169,System.Byte[],QL-D3,72104fc3-af36-41ba-877e-cf50e4d413f7,SeattleParks_SeattleCityGIS,6/16/2026 4:47:16 PM,SeattleParks_SeattleCityGIS,6/16/2026 4:47:16 PM,1260124.39506115,200981.825846344
14725,Alki Beach Park,METAL,ALKI BEACH PARK DRINK FOUNT,A,,,,,,,,,,47.595186,-122.38737054,1,SW PMD1,Lowest,445,DRINKF-00057,System.Byte[],QL-D3,79c3bf46-8fca-4790-b14c-470975452443,SeattleParks_SeattleCityGIS,6/16/2026 4:47:16 PM,SeattleParks_SeattleCityGIS,6/16/2026 4:47:16 PM,1257001.88913795,220977.203850821
14726,Rainier Playfield,METAL,RAINIER PLYFLD DRINK FOUNT,A,,,,,,,,,,47.56164916,-122.28516176,2,SE PMD2,Highest Equity Priority,423,DRINKF-00069,System.Byte[],QL-D3,0e51db28-9816-4809-be06-fb77c499aa87,SeattleParks_SeattleCityGIS,6/16/2026 4:47:16 PM,SeattleParks_SeattleCityGIS,6/16/2026 4:47:16 PM,1281985.15252355,208253.831933796
14727,Mount Baker Park,METAL,MT BAKER PARK DRINK FOUNT,A,,,,,,,,,,47.58297016,-122.28788692,2,SC PMD2,Second Highest,419,DRINKF-00155,System.Byte[],QL-D3,a806bca2-8583-403f-a44c-eca87fb2dd40,SeattleParks_SeattleCityGIS,6/16/2026 4:47:16 PM,SeattleParks_SeattleCityGIS,6/16/2026 4:47:16 PM,1281459.423563,216042.300613761
14728,Loyal Heights Playfield,METAL,LOYAL HEIGHTS PLYFLD DRINK FOUNT,A,,,,,,,,,,47.68459875,-122.38360317,6,NW PMD6,Lowest,289,DRINKF-00014,System.Byte[],QL-D3,9ba429b2-cc15-4f1d-8959-fc3bcedbaacc,SeattleParks_SeattleCityGIS,6/16/2026 4:47:16 PM,SeattleParks_SeattleCityGIS,6/16/2026 4:47:16 PM,1258588.22590758,253566.527404189
14729,Loyal Heights Playfield,METAL,LOYAL HEIGHTS PLYFLD DRINK FOUNT,A,,,,,,,,,,47.68372148,-122.38415361,6,NW PMD6,Lowest,289,DRINKF-00195,System.Byte[],QL-D3,f4f6bb09-d5ed-4355-9c12-b2d8d14aabed,SeattleParks_SeattleCityGIS,6/16/2026 4:47:16 PM,SeattleParks_SeattleCityGIS,6/16/2026 4:47:16 PM,1258446.22449943,253249.32497187
14730,Golden Gardens Park,METAL,GOLDEN GARDENS PARK DRINK FOUNT,A,,,,,,,,,,47.6916754,-122.4039989,6,NW PMD6,Lowest,243,DRINKF-00167,System.Byte[],QL-D3,2c83bb3f-827f-4120-adb2-acc0a95f6417,SeattleParks_SeattleCityGIS,6/16/2026 4:47:16 PM,SeattleParks_SeattleCityGIS,6/16/2026 4:47:16 PM,1253618.16990249,256249.172974944
14731,Little Brook Park,METAL,LITTLE BROOK PARK DRINK FOUNT,A,,,,,,,,,,47.73131136,-122.29399669,5,NE PMD4-5,Highest Equity Priority,297,DRINKF-00173,System.Byte[],QL-D3,2699f727-9907-4d64-9af0-9f47e6bbc272,SeattleParks_SeattleCityGIS,6/16/2026 4:47:16 PM,SeattleParks_SeattleCityGIS,6/16/2026 4:47:16 PM,1280978.78573851,270170.90694119
14732,Matthews Beach Park,METAL,MATTHEWS BEACH PARK DRINK FOUNT,A,,,,,,,,,,47.69670588,-122.27331853,5,NE PMD4-5,Second Lowest,347,DRINKF-00058,System.Byte[],QL-D3,7ba1f441-2262-45c0-b5a2-6787c7ba565d,SeattleParks_SeattleCityGIS,6/16/2026 4:47:16 PM,SeattleParks_SeattleCityGIS,6/16/2026 4:47:16 PM,1285830.45716748,257454.295536175
14733,Meridian Playground,METAL,MERIDIAN PLYGRND DRINK FOUNT,A,,,,,,,,,,47.66396311,-122.33246729,4,NE PMD4-5,Lowest,1104,DRINKF-00117,System.Byte[],QL-D3,7bf92060-c608-4019-8f12-2073598bbcbc,SeattleParks_SeattleCityGIS,6/16/2026 4:47:16 PM,SeattleParks_SeattleCityGIS,6/16/2026 4:47:16 PM,1271034.65113632,245791.242788225
14734,Wallingford Playfield,METAL,WALLINGFORD PLYFLD DRINK FOUNT,A,,,,,,,,,,47.6582781,-122.33682918,4,NE PMD4-5,Second Lowest,449,DRINKF-00151,System.Byte[],QL-D3,d0e90957-b1cb-49c4-affd-5e212415b147,SeattleParks_SeattleCityGIS,6/16/2026 4:47:16 PM,SeattleParks_SeattleCityGIS,6/16/2026 4:47:16 PM,1269919.51948719,243738.910242125
14735,Sandel Playground,METAL,SANDEL PLYGRND DRINK FOUNT,A,,,,,,,,,,47.6956178,-122.35846566,5,NW PMD6,Second Highest,250,DRINKF-00174,System.Byte[],QL-D3,08218904-da06-4447-b852-99ac70d4d585,SeattleParks_SeattleCityGIS,6/16/2026 4:47:16 PM,SeattleParks_SeattleCityGIS,6/16/2026 4:47:16 PM,1264858.37938601,257461.400560185
14736,Interbay Athletic Field,METAL,INTERBAY ATHLETIC COMPLEX DRINK FOUNT,A,,,,,,,,,,47.64735831,-122.37837465,7,CW PMD7,Middle,3887,DRINKF-00103,System.Byte[],QL-D3,e0107a5c-840d-47d8-b74e-141f07ab4403,SeattleParks_SeattleCityGIS,6/16/2026 4:47:16 PM,SeattleParks_SeattleCityGIS,6/16/2026 4:47:16 PM,1259603.12248462,239959.325278252
14737,Powell Barnett Park,METAL,POWELL BARNETT PARK DRINK FOUNT,A,,,,,,,,,,47.60466015,-122.29593315,3,CE PMD3,Second Highest,345,DRINKF-00139,System.Byte[],QL-D3,c5cabdce-fa4e-4d55-80a9-e53931e7ad79,SeattleParks_SeattleCityGIS,6/16/2026 4:47:16 PM,SeattleParks_SeattleCityGIS,6/16/2026 4:47:16 PM,1279624.35770513,223990.259149909
14738,First Hill Park,METAL,FIRST HILL PARK DRINK FOUNT,A,,,,,,,,,,47.61207035,-122.32539154,3,CE PMD3,Middle,3910,DRINKF-00208,System.Byte[],QL-D3,d110cbce-2516-45e0-810f-0cd5f235c4a5,SeattleParks_SeattleCityGIS,6/16/2026 4:47:16 PM,SeattleParks_SeattleCityGIS,6/16/2026 4:47:16 PM,1272410.90208174,226832.23118481
14739,Rainier Beach Playfield,METAL,RAINIER BEACH PLYFLD DRINK FOUNT,A,,,,,,,,,,47.52578321,-122.27305417,2,SE PMD2,Highest Equity Priority,422,DRINKF-00090,System.Byte[],QL-D3,6b14e54a-4be4-47cb-a391-326a6dea8808,SeattleParks_SeattleCityGIS,6/16/2026 4:47:16 PM,SeattleParks_SeattleCityGIS,6/16/2026 4:47:16 PM,1284729.22017436,195117.324464336
14740,Rainier Beach Playfield,METAL,RAINIER BEACH PLYFLD DRINK FOUNT,A,,,,,,,,,,47.52496357,-122.2737921,2,SE PMD2,Highest Equity Priority,422,DRINKF-00183,System.Byte[],QL-D3,a5c5e7d5-47eb-4a8f-84b4-5206034327d2,SeattleParks_SeattleCityGIS,6/16/2026 4:47:16 PM,SeattleParks_SeattleCityGIS,6/16/2026 4:47:16 PM,1284541.33735816,194821.810608029
14741,,STONE,COE PLAY PARK DRINK FOUNT,A,,,,,,,,OTHER,Transferred to SSD in 2024.,47.64021091,-122.36594344,7,CW PMD7,Second Lowest,,DRINKF-00161,System.Byte[],QL-D3,1fa55f8c-d4c3-4b3f-9289-618ae53b157b,SeattleParks_SeattleCityGIS,6/16/2026 4:47:16 PM,SeattleParks_SeattleCityGIS,6/16/2026 4:47:16 PM,1262614.77592771,237291.450075522
14742,Magnolia Park,METAL,MAGNOLIA PARK DRINK FOUNT,A,,,,,,,,,,47.63337267,-122.39753898,7,CW PMD7,Lowest,317,DRINKF-00133,System.Byte[],QL-D3,e65bbefc-8fdd-49ae-8d0d-70de81092580,SeattleParks_SeattleCityGIS,6/16/2026 4:47:16 PM,SeattleParks_SeattleCityGIS,6/16/2026 4:47:16 PM,1254776.56222367,234954.321177125
14743,Ballard Playground,METAL,BALLARD PLYGRND DRINK FOUNT,A,,,,,,,,,,47.67285528,-122.3918341,6,NW PMD6,Lowest,497,DRINKF-00168,System.Byte[],QL-D3,9e7d8a94-bea0-46ad-a237-2cf069a8091d,SeattleParks_SeattleCityGIS,6/16/2026 4:47:16 PM,SeattleParks_SeattleCityGIS,6/16/2026 4:47:16 PM,1256474.49681742,249324.734375849
14744,Observatory Courts,METAL,OBSERVATORY COURTS DRINK FOUNT,A,,,,,,,,,,47.63132299,-122.35516513,7,CW PMD7,Middle,322,DRINKF-00132,System.Byte[],QL-D3,fe6d407a-7a9a-46c0-844f-fb3731716fee,SeattleParks_SeattleCityGIS,6/16/2026 4:47:16 PM,SeattleParks_SeattleCityGIS,6/16/2026 4:47:16 PM,1265207.26777036,233997.350680158
14745,Madison Park,STONE,MADISON PARK DRINK FOUNT,A,,,,,,,,,,47.63605383,-122.27694757,3,CE PMD3,Lowest,369,DRINKF-00184,System.Byte[],QL-D3,c413da0b-2cc1-49a8-a95b-3147335719da,SeattleParks_SeattleCityGIS,6/16/2026 4:47:16 PM,SeattleParks_SeattleCityGIS,6/16/2026 4:47:16 PM,1284521.94567814,235351.13698554
14746,Greenwood Park,METAL,GREENWOOD PARK DRINK FOUNT,A,,,,,,,,,,47.69351503,-122.35087582,5,NW PMD6,Second Highest,4408,DRINKF-00027,System.Byte[],QL-D3,5bb65827-00fe-4bb7-938d-3f2dfed8e4ff,SeattleParks_SeattleCityGIS,6/16/2026 4:47:16 PM,SeattleParks_SeattleCityGIS,6/16/2026 4:47:16 PM,1266711.9836119,256657.585199356
14747,Bryant Playground,METAL,BRYANT NBHD PLYGRND DRINK FOUNT,A,,,,,,,,,,47.67526814,-122.28388479,4,NE PMD4-5,Lowest,482,DRINKF-00045,System.Byte[],QL-D3,d82c6c38-88e0-45bc-aae5-406386ccbb11,SeattleParks_SeattleCityGIS,6/16/2026 4:47:16 PM,SeattleParks_SeattleCityGIS,6/16/2026 4:47:16 PM,1283081.51156467,249684.790120214
14748,Emma Schmitz Memorial Overlook,METAL,EMMA SCHMITZ MEM OVERLOOK DRINK FOUNT,A,,,,,,,,,,47.56238118,-122.4058623,1,SW PMD1,Second Lowest,3920,DRINKF-00089,System.Byte[],QL-D3,28fdf85f-4442-4606-b933-f23cbf603d93,SeattleParks_SeattleCityGIS,6/16/2026 4:47:16 PM,SeattleParks_SeattleCityGIS,6/16/2026 4:47:16 PM,1252195.70551704,209106.329278663
14749,Queen Anne Bowl Playfield,METAL,QUEEN ANNE BOWL PLYFLD DRINK FOUNT,A,,,,,,,,,,47.64515862,-122.36055339,7,CW PMD7,Second Lowest,3984,DRINKF-00156,System.Byte[],QL-D3,37058b6a-6156-4857-bfc3-7cb351da58c8,SeattleParks_SeattleCityGIS,6/16/2026 4:47:16 PM,SeattleParks_SeattleCityGIS,6/16/2026 4:47:16 PM,1263979.10847311,239069.433693349
14750,Mayfair Park,METAL,MAYFAIR PARK DRINK FOUNT,A,,,,,,,,,,47.64318081,-122.35365975,7,CW PMD7,Second Lowest,321,DRINKF-00194,System.Byte[],QL-D3,a9f8abd0-9df9-42b5-9958-2c083fc3b179,SeattleParks_SeattleCityGIS,6/16/2026 4:47:16 PM,SeattleParks_SeattleCityGIS,6/16/2026 4:47:16 PM,1265663.81772283,238314.495260566
14751,Don Armeni Boat Ramp,METAL,DON ARMENI PK AND BOAT RAMP DRINK FOUNT,A,,,,,,,,,,47.59239249,-122.38220857,1,SW PMD1,Lowest,3917,DRINKF-00193,System.Byte[],QL-D3,afd858de-e0e0-42ab-96e9-6910120f6f15,SeattleParks_SeattleCityGIS,6/16/2026 4:47:16 PM,SeattleParks_SeattleCityGIS,6/16/2026 4:47:16 PM,1258254.78001924,219932.760073751
14752,Soundview Playfield,METAL,SOUNDVIEW PLYFLD DRINK FOUNT,A,,,,,,,,,,47.69523317,-122.37996567,5,NW PMD6,Lowest,251,DRINKF-00210,System.Byte[],QL-D3,eece3110-560e-41f7-b639-7c86ac474d7b,SeattleParks_SeattleCityGIS,6/16/2026 4:47:16 PM,SeattleParks_SeattleCityGIS,6/16/2026 4:47:16 PM,1259561.96965258,257426.791344151
14753,Roanoke Street Mini Park,METAL,ROANOKE ST MINI PARK DRINK FOUNT,A,,,,,,,,,,47.64316794,-122.32883698,3,CE PMD3,Lowest,4084,DRINKF-00088,System.Byte[],QL-D3,a1cf1c18-c64b-4774-9a2d-8ef531036962,SeattleParks_SeattleCityGIS,6/16/2026 4:47:16 PM,SeattleParks_SeattleCityGIS,6/16/2026 4:47:16 PM,1271781.63686509,238189.909532443
14754,Baker Park on Crown Hill,METAL,BAKER PARK ON CROWN HILL DRINK FOUNT,A,,,,,,,,,,47.69006861,-122.37458806,6,NW PMD6,Second Lowest,2840,DRINKF-00118,System.Byte[],QL-D3,4ab20f4f-39dd-4c53-ba4f-5278a5199938,SeattleParks_SeattleCityGIS,6/16/2026 4:47:16 PM,SeattleParks_SeattleCityGIS,6/16/2026 4:47:16 PM,1260848.2886299,255516.745646194
14755,Hiawatha Playfield,METAL,HIAWATHA PLYFLD DRINK FOUNT,A,Free Standing,,,,,,,,,47.57871018,-122.38487086,1,SW PMD1,Second Lowest,456,DRINKF-00071,System.Byte[],QL-D3,931575cd-01fa-41dc-be90-2cfae3ab86bd,SeattleParks_SeattleCityGIS,6/16/2026 4:47:16 PM,SeattleParks_SeattleCityGIS,6/16/2026 4:47:16 PM,1257497.37502646,214956.179140657
14756,Seward Park,STONE,SEWARD PARK DRINK FOUNT,DE,Free Standing,,,,,,,,,47.54861991,-122.25771816,2,SE PMD2,Middle,428,DRINKF-00222,System.Byte[],QL-D3,ac1f8833-f1dd-4dc9-be37-9f71251508fd,SeattleParks_SeattleCityGIS,6/16/2026 4:47:16 PM,SeattleParks_SeattleCityGIS,6/16/2026 4:47:16 PM,1288671.76360239,203375.420088798
14757,Sam Smith Park,METAL,SAM SMITH PARK DRINKING FOUNTAIN,A,,,,,,,,,,47.59011739,-122.2955119,2,SC PMD2,Second Highest,4242,DRINKF-00215,System.Byte[],QL-D3,ea30e313-d6e1-49a1-af35-e08b2282ce98,SeattleParks_SeattleCityGIS,6/16/2026 4:47:16 PM,SeattleParks_SeattleCityGIS,6/16/2026 4:47:16 PM,1279627.47616912,218684.550600469
14758,College Street Park,METAL,COLLEGE ST MINI PARK DRINK FOUNT,A,,,,,,,,,,47.58269129,-122.29436126,2,SC PMD2,Second Highest,3922,DRINKF-00198,System.Byte[],QL-D3,f3f6aa35-b84e-43fd-a0e5-431c80c5fd58,SeattleParks_SeattleCityGIS,6/16/2026 4:47:16 PM,SeattleParks_SeattleCityGIS,6/16/2026 4:47:16 PM,1279859.93626536,215970.862469688
14759,Warren G. Magnuson Park,METAL,MAGNUSON PARK DRINK FOUNT,A,,,,,,,,,,47.68085979,-122.25362267,4,NE PMD4-5,Middle,398,DRINKF-00158,System.Byte[],QL-D3,81ebfeab-aaca-446b-a621-d8ffdba93b4c,SeattleParks_SeattleCityGIS,6/16/2026 4:47:16 PM,SeattleParks_SeattleCityGIS,6/16/2026 4:47:16 PM,1290573.19963634,251585.032682166
14760,Lake Union Park,METAL,NW NATIVE CARVING CENTER DRINK FOUNT,P,Free Standing,,,,,,,,,47.62720928,-122.33913253,7,DT PMD7,Second Lowest,344,DRINKF-00229,System.Byte[],QL-D3,69d91e45-9bf8-4cfc-b3b3-42b002fefd81,SeattleParks_SeattleCityGIS,6/16/2026 4:47:16 PM,SeattleParks_SeattleCityGIS,6/16/2026 4:47:16 PM,1269130.25881438,232419.341910541
14761,Warren G. Magnuson Park,METAL,MAGNUSON PARK DRINK FOUNT,A,,,,,,,,,,47.67855854,-122.24916315,4,NE PMD4-5,Middle,398,DRINKF-00207,System.Byte[],QL-D3,8bff1cce-4873-4232-8c54-7e82a09db9fc,SeattleParks_SeattleCityGIS,6/16/2026 4:47:16 PM,SeattleParks_SeattleCityGIS,6/16/2026 4:47:16 PM,1291656.09448545,250725.516073287
14762,Victor Steinbrueck Park,METAL,VICTOR STEINBRUECK PARK DRINK FOUNT,A,Free Standing,,Yes,No,No,2024,,,,47.60991786,-122.34344022,7,DT PMD7,Highest Equity Priority,338,DRINKF-00228,System.Byte[],QL-D3,446b2f29-2189-4720-ac19-9ab35ba3dda4,SeattleParks_SeattleCityGIS,6/16/2026 4:47:16 PM,SeattleParks_SeattleCityGIS,6/16/2026 4:47:16 PM,1267944.48319717,226134.061264098
14763,West Magnolia Playfield,METAL,W MAGNOLIA PLYFLD DRINK FOUNT,A,,,,,,,,,,47.64669261,-122.39925871,6,CW PMD7,Second Lowest,319,DRINKF-00053,System.Byte[],QL-D3,de700970-97ee-4656-b90d-d7bc85400e47,SeattleParks_SeattleCityGIS,6/16/2026 4:47:16 PM,SeattleParks_SeattleCityGIS,6/16/2026 4:47:16 PM,1254451.49566334,239820.593950108
14764,Garfield Playfield,METAL,GARFIELD PLYFLD DRINK FOUNT,A,,,,,,,,,,47.60640187,-122.3019568,3,CE PMD3,Second Highest,353,DRINKF-00020,System.Byte[],QL-D3,a86d0a6f-d959-4a6d-aa2f-39d2c06d4145,SeattleParks_SeattleCityGIS,6/16/2026 4:47:16 PM,SeattleParks_SeattleCityGIS,6/16/2026 4:47:16 PM,1278150.75533561,224653.758798584
14765,Carkeek Park,STONE,CARKEEK PARK DRINK FOUNT,A,,,,,,,,,,47.70334915,-122.36336929,5,NW PMD6,Middle,240,DRINKF-00094,System.Byte[],QL-D3,d0ed7f2a-f2f8-4878-a56b-cc0aa01e02e8,SeattleParks_SeattleCityGIS,6/16/2026 4:47:16 PM,SeattleParks_SeattleCityGIS,6/16/2026 4:47:16 PM,1263707.10213682,260304.951283097
14766,Carkeek Park,METAL,CARKEEK PARK DRINK FOUNT,A,,,,,,,,,,47.71307162,-122.37818408,5,NW PMD6,Lowest,240,DRINKF-00212,System.Byte[],QL-D3,0940ec04-5522-4aa8-a419-a59c7b8defa3,SeattleParks_SeattleCityGIS,6/16/2026 4:47:16 PM,SeattleParks_SeattleCityGIS,6/16/2026 4:47:16 PM,1260131.23493317,263923.536886796
14767,Cal Anderson Park,METAL,CAL ANDERSON PARK DRINK FOUNT,A,,,,,,,,,,47.61700496,-122.31972163,3,CE PMD3,Second Lowest,3102,DRINKF-00018,System.Byte[],QL-D3,9bf0f9b5-de24-4013-aa73-54262a869326,SeattleParks_SeattleCityGIS,6/16/2026 4:47:16 PM,SeattleParks_SeattleCityGIS,6/16/2026 4:47:16 PM,1273843.9371552,228604.807314634
14768,Dr. Blanche Lavizzo Park,METAL,BLANCHE LAVIZZO (DR) PARK DRINK FOUNT,A,,,,,,,,,,47.60093812,-122.30435933,3,CE PMD3,Highest Equity Priority,395,DRINKF-00211,System.Byte[],QL-D3,3d8cc9ad-edca-4d86-9d15-de4f7fe02b3d,SeattleParks_SeattleCityGIS,6/16/2026 4:47:16 PM,SeattleParks_SeattleCityGIS,6/16/2026 4:47:16 PM,1277520.09914297,222672.456972554
14769,Bill Wright Golf Complex at Jefferson Park,METAL,JEFFERSON GOLF COURSE DRINK FOUNT,A,,,,,,,,,,47.56699401,-122.30742395,2,SC PMD2,Highest Equity Priority,4153,DRINKF-00087,System.Byte[],QL-D3,1b4623b8-14e5-4e23-81d8-71ed858cf63c,SeattleParks_SeattleCityGIS,6/16/2026 4:47:16 PM,SeattleParks_SeattleCityGIS,6/16/2026 4:47:16 PM,1276527.00890195,210307.570943892
14770,Bill Wright Golf Complex at Jefferson Park,METAL,JEFFERSON GOLF COURSE DRINK FOUNT,A,,,,,,,,,,47.56573093,-122.30897872,2,SC PMD2,Highest Equity Priority,4153,DRINKF-00181,System.Byte[],QL-D3,c3269c4e-fb83-4531-9816-21b87c72ebbc,SeattleParks_SeattleCityGIS,6/16/2026 4:47:16 PM,SeattleParks_SeattleCityGIS,6/16/2026 4:47:16 PM,1276134.41555755,209854.285119429
14771,Warren G. Magnuson Park,OTHER,MAGNUSON DRINKING FOUNT - JR LEAGUE PA RESTROOM,P,,,,,,,,,,47.681405,-122.257753,4,NE PMD4-5,Middle,398,DRINKF-00230,System.Byte[],QL-D3,bd7b4e88-da92-463f-9b16-f4aea9a7f0a0,SeattleParks_SeattleCityGIS,6/16/2026 4:47:16 PM,SeattleParks_SeattleCityGIS,6/16/2026 4:47:16 PM,1289559.61953931,251802.676714391
14772,Woodland Park,METAL,WOODLAND PARK DRINK FOUNT,A,,,,,,,,,,47.66990073,-122.34305461,6,NW PMD6,Lowest,292,DRINKF-00188,System.Byte[],QL-D3,aa2f41b8-d9f2-451d-aa2f-a12611c0b929,SeattleParks_SeattleCityGIS,6/16/2026 4:47:16 PM,SeattleParks_SeattleCityGIS,6/16/2026 4:47:16 PM,1268468.7864937,248007.666470498
14773,West Seattle Junction,METAL,WEST SEATTLE JUNCTION DRINKING FOUNTAIN,A,Free Standing,,,,,,,,,47.56037271,-122.38305214,1,SW PMD1,Middle,4568,DRINKF-00231,System.Byte[],QL-D3,33c87712-e7cc-42a2-8fa5-143e749c67f9,SeattleParks_SeattleCityGIS,6/16/2026 4:47:16 PM,SeattleParks_SeattleCityGIS,6/16/2026 4:47:16 PM,1257811.48670679,208259.622269794
14774,Dahl (Waldo J.) Playfield,METAL,DAHL PLAYFIELD DRINKING FOUNTAIN,A,Wall Mounted,,,,,,,,,47.6845433,-122.29942804,4,NE PMD4-5,Lowest,499,DRINKF-00232,System.Byte[],QL-D3,b0977dc9-1dc6-47dc-81cd-0522be1a6f4f,SeattleParks_SeattleCityGIS,6/16/2026 4:47:16 PM,SeattleParks_SeattleCityGIS,6/16/2026 4:47:16 PM,1279317.43175282,253139.995179757
14775,Meadowbrook Playfield,OTHER,MEADOWBROOK PF DRINKING FOUNTAIN,A,,,,,,,,,,47.70648907,-122.29513784,5,NE PMD4-5,Second Highest,352,DRINKF-00233,System.Byte[],QL-D3,7b3251df-7468-44ed-b574-66c99b9a96e6,SeattleParks_SeattleCityGIS,6/16/2026 4:47:16 PM,SeattleParks_SeattleCityGIS,6/16/2026 4:47:16 PM,1280526.02977005,261123.527091935
14776,Georgetown Flume Park,OTHER,GEORGETOWN FLUME DRINKING FOUNTAIN,A,,,,,,,,,,47.53918948,-122.3189951,1,SE PMD2,Second Highest,4714,DRINKF-00235,System.Byte[],QL-D3,192532cc-3076-411c-934f-4e49acdb3429,SeattleParks_SeattleCityGIS,6/16/2026 4:47:16 PM,SeattleParks_SeattleCityGIS,6/16/2026 4:47:16 PM,1273475.16051483,200222.271605566
